wavelength,intensity,error,status,Version,IDData,IDDevice,IDDataType,IDDataTypeSub1,IDDataTypeSub2,IDDataTypeSub3,DateTime,PositionLatitude,PositionLongitude,Comment,CommentSub1,CommentSub2,CommentSub3,IDMethodType,MethodName,Mission,MissionSub,RecordType,CalFactor,IDBasisSpec,IDDataBack,IDDataCal,IntegrationTime,P31,P31e,PathLength,PathLengthCustomOn,RAWDynamic,Salinity,Temperature,Unit1,Unit2,Unit3,Unit4,p999
1,1218,0,0,1,95A7_2019-06-16_16-49-30_000_517,SAM_8589,SPECTRUM,RAW,,,2019-06-16 16:49:30,0,0,,,,,SAM Control,SAM_8589,No Mission,1,0,1,,DLAB_2018-04-12_14-51-44_608_165,DLAB_2018-04-13_12-52-31_209_732,64,-1,0,+INF,0,65535,0,-NAN,$05 $00 Pixel,$03 $05 Intensity counts,$f0 $05 Error counts,$f1 $00 Status,116
2,1327,0,0,1,95A7_2019-06-16_16-49-30_000_517,SAM_8589,SPECTRUM,RAW,,,2019-06-16 16:49:30,0,0,,,,,SAM Control,SAM_8589,No Mission,1,0,1,,DLAB_2018-04-12_14-51-44_608_165,DLAB_2018-04-13_12-52-31_209_732,64,-1,0,+INF,0,65535,0,-NAN,$05 $00 Pixel,$03 $05 Intensity counts,$f0 $05 Error counts,$f1 $00 Status,116
3,1523,0,0,1,95A7_2019-06-16_16-49-30_000_517,SAM_8589,SPECTRUM,RAW,,,2019-06-16 16:49:30,0,0,,,,,SAM Control,SAM_8589,No Mission,1,0,1,,DLAB_2018-04-12_14-51-44_608_165,DLAB_2018-04-13_12-52-31_209_732,64,-1,0,+INF,0,65535,0,-NAN,$05 $00 Pixel,$03 $05 Intensity counts,$f0 $05 Error counts,$f1 $00 Status,116
4,1861,0,0,1,95A7_2019-06-16_16-49-30_000_517,SAM_8589,SPECTRUM,RAW,,,2019-06-16 16:49:30,0,0,,,,,SAM Control,SAM_8589,No Mission,1,0,1,,DLAB_2018-04-12_14-51-44_608_165,DLAB_2018-04-13_12-52-31_209_732,64,-1,0,+INF,0,65535,0,-NAN,$05 $00 Pixel,$03 $05 Intensity counts,$f0 $05 Error counts,$f1 $00 Status,116
5,2356,0,0,1,95A7_2019-06-16_16-49-30_000_517,SAM_8589,SPECTRUM,RAW,,,2019-06-16 16:49:30,0,0,,,,,SAM Control,SAM_8589,No Mission,1,0,1,,DLAB_2018-04-12_14-51-44_608_165,DLAB_2018-04-13_12-52-31_209_732,64,-1,0,+INF,0,65535,0,-NAN,$05 $00 Pixel,$03 $05 Intensity counts,$f0 $05 Error counts,$f1 $00 Status,116
6,3097,0,0,1,95A7_2019-06-16_16-49-30_000_517,SAM_8589,SPECTRUM,RAW,,,2019-06-16 16:49:30,0,0,,,,,SAM Control,SAM_8589,No Mission,1,0,1,,DLAB_2018-04-12_14-51-44_608_165,DLAB_2018-04-13_12-52-31_209_732,64,-1,0,+INF,0,65535,0,-NAN,$05 $00 Pixel,$03 $05 Intensity counts,$f0 $05 Error counts,$f1 $00 Status,116
7,4008,0,0,1,95A7_2019-06-16_16-49-30_000_517,SAM_8589,SPECTRUM,RAW,,,2019-06-16 16:49:30,0,0,,,,,SAM Control,SAM_8589,No Mission,1,0,1,,DLAB_2018-04-12_14-51-44_608_165,DLAB_2018-04-13_12-52-31_209_732,64,-1,0,+INF,0,65535,0,-NAN,$05 $00 Pixel,$03 $05 Intensity counts,$f0 $05 Error counts,$f1 $00 Status,116
8,4890,0,0,1,95A7_2019-06-16_16-49-30_000_517,SAM_8589,SPECTRUM,RAW,,,2019-06-16 16:49:30,0,0,,,,,SAM Control,SAM_8589,No Mission,1,0,1,,DLAB_2018-04-12_14-51-44_608_165,DLAB_2018-04-13_12-52-31_209_732,64,-1,0,+INF,0,65535,0,-NAN,$05 $00 Pixel,$03 $05 Intensity counts,$f0 $05 Error counts,$f1 $00 Status,116
9,5717,0,0,1,95A7_2019-06-16_16-49-30_000_517,SAM_8589,SPECTRUM,RAW,,,2019-06-16 16:49:30,0,0,,,,,SAM Control,SAM_8589,No Mission,1,0,1,,DLAB_2018-04-12_14-51-44_608_165,DLAB_2018-04-13_12-52-31_209_732,64,-1,0,+INF,0,65535,0,-NAN,$05 $00 Pixel,$03 $05 Intensity counts,$f0 $05 Error counts,$f1 $00 Status,116
10,6702,0,0,1,95A7_2019-06-16_16-49-30_000_517,SAM_8589,SPECTRUM,RAW,,,2019-06-16 16:49:30,0,0,,,,,SAM Control,SAM_8589,No Mission,1,0,1,,DLAB_2018-04-12_14-51-44_608_165,DLAB_2018-04-13_12-52-31_209_732,64,-1,0,+INF,0,65535,0,-NAN,$05 $00 Pixel,$03 $05 Intensity counts,$f0 $05 Error counts,$f1 $00 Status,116
11,7778,0,0,1,95A7_2019-06-16_16-49-30_000_517,SAM_8589,SPECTRUM,RAW,,,2019-06-16 16:49:30,0,0,,,,,SAM Control,SAM_8589,No Mission,1,0,1,,DLAB_2018-04-12_14-51-44_608_165,DLAB_2018-04-13_12-52-31_209_732,64,-1,0,+INF,0,65535,0,-NAN,$05 $00 Pixel,$03 $05 Intensity counts,$f0 $05 Error counts,$f1 $00 Status,116
12,8831,0,0,1,95A7_2019-06-16_16-49-30_000_517,SAM_8589,SPECTRUM,RAW,,,2019-06-16 16:49:30,0,0,,,,,SAM Control,SAM_8589,No Mission,1,0,1,,DLAB_2018-04-12_14-51-44_608_165,DLAB_2018-04-13_12-52-31_209_732,64,-1,0,+INF,0,65535,0,-NAN,$05 $00 Pixel,$03 $05 Intensity counts,$f0 $05 Error counts,$f1 $00 Status,116
13,9949,0,0,1,95A7_2019-06-16_16-49-30_000_517,SAM_8589,SPECTRUM,RAW,,,2019-06-16 16:49:30,0,0,,,,,SAM Control,SAM_8589,No Mission,1,0,1,,DLAB_2018-04-12_14-51-44_608_165,DLAB_2018-04-13_12-52-31_209_732,64,-1,0,+INF,0,65535,0,-NAN,$05 $00 Pixel,$03 $05 Intensity counts,$f0 $05 Error counts,$f1 $00 Status,116
14,11166,0,0,1,95A7_2019-06-16_16-49-30_000_517,SAM_8589,SPECTRUM,RAW,,,2019-06-16 16:49:30,0,0,,,,,SAM Control,SAM_8589,No Mission,1,0,1,,DLAB_2018-04-12_14-51-44_608_165,DLAB_2018-04-13_12-52-31_209_732,64,-1,0,+INF,0,65535,0,-NAN,$05 $00 Pixel,$03 $05 Intensity counts,$f0 $05 Error counts,$f1 $00 Status,116
15,11805,0,0,1,95A7_2019-06-16_16-49-30_000_517,SAM_8589,SPECTRUM,RAW,,,2019-06-16 16:49:30,0,0,,,,,SAM Control,SAM_8589,No Mission,1,0,1,,DLAB_2018-04-12_14-51-44_608_165,DLAB_2018-04-13_12-52-31_209_732,64,-1,0,+INF,0,65535,0,-NAN,$05 $00 Pixel,$03 $05 Intensity counts,$f0 $05 Error counts,$f1 $00 Status,116
16,11814,0,0,1,95A7_2019-06-16_16-49-30_000_517,SAM_8589,SPECTRUM,RAW,,,2019-06-16 16:49:30,0,0,,,,,SAM Control,SAM_8589,No Mission,1,0,1,,DLAB_2018-04-12_14-51-44_608_165,DLAB_2018-04-13_12-52-31_209_732,64,-1,0,+INF,0,65535,0,-NAN,$05 $00 Pixel,$03 $05 Intensity counts,$f0 $05 Error counts,$f1 $00 Status,116
17,11943,0,0,1,95A7_2019-06-16_16-49-30_000_517,SAM_8589,SPECTRUM,RAW,,,2019-06-16 16:49:30,0,0,,,,,SAM Control,SAM_8589,No Mission,1,0,1,,DLAB_2018-04-12_14-51-44_608_165,DLAB_2018-04-13_12-52-31_209_732,64,-1,0,+INF,0,65535,0,-NAN,$05 $00 Pixel,$03 $05 Intensity counts,$f0 $05 Error counts,$f1 $00 Status,116
18,12602,0,0,1,95A7_2019-06-16_16-49-30_000_517,SAM_8589,SPECTRUM,RAW,,,2019-06-16 16:49:30,0,0,,,,,SAM Control,SAM_8589,No Mission,1,0,1,,DLAB_2018-04-12_14-51-44_608_165,DLAB_2018-04-13_12-52-31_209_732,64,-1,0,+INF,0,65535,0,-NAN,$05 $00 Pixel,$03 $05 Intensity counts,$f0 $05 Error counts,$f1 $00 Status,116
19,12950,0,0,1,95A7_2019-06-16_16-49-30_000_517,SAM_8589,SPECTRUM,RAW,,,2019-06-16 16:49:30,0,0,,,,,SAM Control,SAM_8589,No Mission,1,0,1,,DLAB_2018-04-12_14-51-44_608_165,DLAB_2018-04-13_12-52-31_209_732,64,-1,0,+INF,0,65535,0,-NAN,$05 $00 Pixel,$03 $05 Intensity counts,$f0 $05 Error counts,$f1 $00 Status,116
20,12441,0,0,1,95A7_2019-06-16_16-49-30_000_517,SAM_8589,SPECTRUM,RAW,,,2019-06-16 16:49:30,0,0,,,,,SAM Control,SAM_8589,No Mission,1,0,1,,DLAB_2018-04-12_14-51-44_608_165,DLAB_2018-04-13_12-52-31_209_732,64,-1,0,+INF,0,65535,0,-NAN,$05 $00 Pixel,$03 $05 Intensity counts,$f0 $05 Error counts,$f1 $00 Status,116
21,11961,0,0,1,95A7_2019-06-16_16-49-30_000_517,SAM_8589,SPECTRUM,RAW,,,2019-06-16 16:49:30,0,0,,,,,SAM Control,SAM_8589,No Mission,1,0,1,,DLAB_2018-04-12_14-51-44_608_165,DLAB_2018-04-13_12-52-31_209_732,64,-1,0,+INF,0,65535,0,-NAN,$05 $00 Pixel,$03 $05 Intensity counts,$f0 $05 Error counts,$f1 $00 Status,116
22,11957,0,0,1,95A7_2019-06-16_16-49-30_000_517,SAM_8589,SPECTRUM,RAW,,,2019-06-16 16:49:30,0,0,,,,,SAM Control,SAM_8589,No Mission,1,0,1,,DLAB_2018-04-12_14-51-44_608_165,DLAB_2018-04-13_12-52-31_209_732,64,-1,0,+INF,0,65535,0,-NAN,$05 $00 Pixel,$03 $05 Intensity counts,$f0 $05 Error counts,$f1 $00 Status,116
23,11599,0,0,1,95A7_2019-06-16_16-49-30_000_517,SAM_8589,SPECTRUM,RAW,,,2019-06-16 16:49:30,0,0,,,,,SAM Control,SAM_8589,No Mission,1,0,1,,DLAB_2018-04-12_14-51-44_608_165,DLAB_2018-04-13_12-52-31_209_732,64,-1,0,+INF,0,65535,0,-NAN,$05 $00 Pixel,$03 $05 Intensity counts,$f0 $05 Error counts,$f1 $00 Status,116
24,11250,0,0,1,95A7_2019-06-16_16-49-30_000_517,SAM_8589,SPECTRUM,RAW,,,2019-06-16 16:49:30,0,0,,,,,SAM Control,SAM_8589,No Mission,1,0,1,,DLAB_2018-04-12_14-51-44_608_165,DLAB_2018-04-13_12-52-31_209_732,64,-1,0,+INF,0,65535,0,-NAN,$05 $00 Pixel,$03 $05 Intensity counts,$f0 $05 Error counts,$f1 $00 Status,116
25,12034,0,0,1,95A7_2019-06-16_16-49-30_000_517,SAM_8589,SPECTRUM,RAW,,,2019-06-16 16:49:30,0,0,,,,,SAM Control,SAM_8589,No Mission,1,0,1,,DLAB_2018-04-12_14-51-44_608_165,DLAB_2018-04-13_12-52-31_209_732,64,-1,0,+INF,0,65535,0,-NAN,$05 $00 Pixel,$03 $05 Intensity counts,$f0 $05 Error counts,$f1 $00 Status,116
26,12908,0,0,1,95A7_2019-06-16_16-49-30_000_517,SAM_8589,SPECTRUM,RAW,,,2019-06-16 16:49:30,0,0,,,,,SAM Control,SAM_8589,No Mission,1,0,1,,DLAB_2018-04-12_14-51-44_608_165,DLAB_2018-04-13_12-52-31_209_732,64,-1,0,+INF,0,65535,0,-NAN,$05 $00 Pixel,$03 $05 Intensity counts,$f0 $05 Error counts,$f1 $00 Status,116
27,13928,0,0,1,95A7_2019-06-16_16-49-30_000_517,SAM_8589,SPECTRUM,RAW,,,2019-06-16 16:49:30,0,0,,,,,SAM Control,SAM_8589,No Mission,1,0,1,,DLAB_2018-04-12_14-51-44_608_165,DLAB_2018-04-13_12-52-31_209_732,64,-1,0,+INF,0,65535,0,-NAN,$05 $00 Pixel,$03 $05 Intensity counts,$f0 $05 Error counts,$f1 $00 Status,116
28,17081,0,0,1,95A7_2019-06-16_16-49-30_000_517,SAM_8589,SPECTRUM,RAW,,,2019-06-16 16:49:30,0,0,,,,,SAM Control,SAM_8589,No Mission,1,0,1,,DLAB_2018-04-12_14-51-44_608_165,DLAB_2018-04-13_12-52-31_209_732,64,-1,0,+INF,0,65535,0,-NAN,$05 $00 Pixel,$03 $05 Intensity counts,$f0 $05 Error counts,$f1 $00 Status,116
29,21619,0,0,1,95A7_2019-06-16_16-49-30_000_517,SAM_8589,SPECTRUM,RAW,,,2019-06-16 16:49:30,0,0,,,,,SAM Control,SAM_8589,No Mission,1,0,1,,DLAB_2018-04-12_14-51-44_608_165,DLAB_2018-04-13_12-52-31_209_732,64,-1,0,+INF,0,65535,0,-NAN,$05 $00 Pixel,$03 $05 Intensity counts,$f0 $05 Error counts,$f1 $00 Status,116
30,24948,0,0,1,95A7_2019-06-16_16-49-30_000_517,SAM_8589,SPECTRUM,RAW,,,2019-06-16 16:49:30,0,0,,,,,SAM Control,SAM_8589,No Mission,1,0,1,,DLAB_2018-04-12_14-51-44_608_165,DLAB_2018-04-13_12-52-31_209_732,64,-1,0,+INF,0,65535,0,-NAN,$05 $00 Pixel,$03 $05 Intensity counts,$f0 $05 Error counts,$f1 $00 Status,116
31,27103,0,0,1,95A7_2019-06-16_16-49-30_000_517,SAM_8589,SPECTRUM,RAW,,,2019-06-16 16:49:30,0,0,,,,,SAM Control,SAM_8589,No Mission,1,0,1,,DLAB_2018-04-12_14-51-44_608_165,DLAB_2018-04-13_12-52-31_209_732,64,-1,0,+INF,0,65535,0,-NAN,$05 $00 Pixel,$03 $05 Intensity counts,$f0 $05 Error counts,$f1 $00 Status,116
32,29606,0,0,1,95A7_2019-06-16_16-49-30_000_517,SAM_8589,SPECTRUM,RAW,,,2019-06-16 16:49:30,0,0,,,,,SAM Control,SAM_8589,No Mission,1,0,1,,DLAB_2018-04-12_14-51-44_608_165,DLAB_2018-04-13_12-52-31_209_732,64,-1,0,+INF,0,65535,0,-NAN,$05 $00 Pixel,$03 $05 Intensity counts,$f0 $05 Error counts,$f1 $00 Status,116
33,32103,0,0,1,95A7_2019-06-16_16-49-30_000_517,SAM_8589,SPECTRUM,RAW,,,2019-06-16 16:49:30,0,0,,,,,SAM Control,SAM_8589,No Mission,1,0,1,,DLAB_2018-04-12_14-51-44_608_165,DLAB_2018-04-13_12-52-31_209_732,64,-1,0,+INF,0,65535,0,-NAN,$05 $00 Pixel,$03 $05 Intensity counts,$f0 $05 Error counts,$f1 $00 Status,116
34,34002,0,0,1,95A7_2019-06-16_16-49-30_000_517,SAM_8589,SPECTRUM,RAW,,,2019-06-16 16:49:30,0,0,,,,,SAM Control,SAM_8589,No Mission,1,0,1,,DLAB_2018-04-12_14-51-44_608_165,DLAB_2018-04-13_12-52-31_209_732,64,-1,0,+INF,0,65535,0,-NAN,$05 $00 Pixel,$03 $05 Intensity counts,$f0 $05 Error counts,$f1 $00 Status,116
35,35290,0,0,1,95A7_2019-06-16_16-49-30_000_517,SAM_8589,SPECTRUM,RAW,,,2019-06-16 16:49:30,0,0,,,,,SAM Control,SAM_8589,No Mission,1,0,1,,DLAB_2018-04-12_14-51-44_608_165,DLAB_2018-04-13_12-52-31_209_732,64,-1,0,+INF,0,65535,0,-NAN,$05 $00 Pixel,$03 $05 Intensity counts,$f0 $05 Error counts,$f1 $00 Status,116
36,35848,0,0,1,95A7_2019-06-16_16-49-30_000_517,SAM_8589,SPECTRUM,RAW,,,2019-06-16 16:49:30,0,0,,,,,SAM Control,SAM_8589,No Mission,1,0,1,,DLAB_2018-04-12_14-51-44_608_165,DLAB_2018-04-13_12-52-31_209_732,64,-1,0,+INF,0,65535,0,-NAN,$05 $00 Pixel,$03 $05 Intensity counts,$f0 $05 Error counts,$f1 $00 Status,116
37,35078,0,0,1,95A7_2019-06-16_16-49-30_000_517,SAM_8589,SPECTRUM,RAW,,,2019-06-16 16:49:30,0,0,,,,,SAM Control,SAM_8589,No Mission,1,0,1,,DLAB_2018-04-12_14-51-44_608_165,DLAB_2018-04-13_12-52-31_209_732,64,-1,0,+INF,0,65535,0,-NAN,$05 $00 Pixel,$03 $05 Intensity counts,$f0 $05 Error counts,$f1 $00 Status,116
38,35122,0,0,1,95A7_2019-06-16_16-49-30_000_517,SAM_8589,SPECTRUM,RAW,,,2019-06-16 16:49:30,0,0,,,,,SAM Control,SAM_8589,No Mission,1,0,1,,DLAB_2018-04-12_14-51-44_608_165,DLAB_2018-04-13_12-52-31_209_732,64,-1,0,+INF,0,65535,0,-NAN,$05 $00 Pixel,$03 $05 Intensity counts,$f0 $05 Error counts,$f1 $00 Status,116
39,36792,0,0,1,95A7_2019-06-16_16-49-30_000_517,SAM_8589,SPECTRUM,RAW,,,2019-06-16 16:49:30,0,0,,,,,SAM Control,SAM_8589,No Mission,1,0,1,,DLAB_2018-04-12_14-51-44_608_165,DLAB_2018-04-13_12-52-31_209_732,64,-1,0,+INF,0,65535,0,-NAN,$05 $00 Pixel,$03 $05 Intensity counts,$f0 $05 Error counts,$f1 $00 Status,116
40,38522,0,0,1,95A7_2019-06-16_16-49-30_000_517,SAM_8589,SPECTRUM,RAW,,,2019-06-16 16:49:30,0,0,,,,,SAM Control,SAM_8589,No Mission,1,0,1,,DLAB_2018-04-12_14-51-44_608_165,DLAB_2018-04-13_12-52-31_209_732,64,-1,0,+INF,0,65535,0,-NAN,$05 $00 Pixel,$03 $05 Intensity counts,$f0 $05 Error counts,$f1 $00 Status,116
41,39549,0,0,1,95A7_2019-06-16_16-49-30_000_517,SAM_8589,SPECTRUM,RAW,,,2019-06-16 16:49:30,0,0,,,,,SAM Control,SAM_8589,No Mission,1,0,1,,DLAB_2018-04-12_14-51-44_608_165,DLAB_2018-04-13_12-52-31_209_732,64,-1,0,+INF,0,65535,0,-NAN,$05 $00 Pixel,$03 $05 Intensity counts,$f0 $05 Error counts,$f1 $00 Status,116
42,40434,0,0,1,95A7_2019-06-16_16-49-30_000_517,SAM_8589,SPECTRUM,RAW,,,2019-06-16 16:49:30,0,0,,,,,SAM Control,SAM_8589,No Mission,1,0,1,,DLAB_2018-04-12_14-51-44_608_165,DLAB_2018-04-13_12-52-31_209_732,64,-1,0,+INF,0,65535,0,-NAN,$05 $00 Pixel,$03 $05 Intensity counts,$f0 $05 Error counts,$f1 $00 Status,116
43,40986,0,0,1,95A7_2019-06-16_16-49-30_000_517,SAM_8589,SPECTRUM,RAW,,,2019-06-16 16:49:30,0,0,,,,,SAM Control,SAM_8589,No Mission,1,0,1,,DLAB_2018-04-12_14-51-44_608_165,DLAB_2018-04-13_12-52-31_209_732,64,-1,0,+INF,0,65535,0,-NAN,$05 $00 Pixel,$03 $05 Intensity counts,$f0 $05 Error counts,$f1 $00 Status,116
44,40827,0,0,1,95A7_2019-06-16_16-49-30_000_517,SAM_8589,SPECTRUM,RAW,,,2019-06-16 16:49:30,0,0,,,,,SAM Control,SAM_8589,No Mission,1,0,1,,DLAB_2018-04-12_14-51-44_608_165,DLAB_2018-04-13_12-52-31_209_732,64,-1,0,+INF,0,65535,0,-NAN,$05 $00 Pixel,$03 $05 Intensity counts,$f0 $05 Error counts,$f1 $00 Status,116
45,40088,0,0,1,95A7_2019-06-16_16-49-30_000_517,SAM_8589,SPECTRUM,RAW,,,2019-06-16 16:49:30,0,0,,,,,SAM Control,SAM_8589,No Mission,1,0,1,,DLAB_2018-04-12_14-51-44_608_165,DLAB_2018-04-13_12-52-31_209_732,64,-1,0,+INF,0,65535,0,-NAN,$05 $00 Pixel,$03 $05 Intensity counts,$f0 $05 Error counts,$f1 $00 Status,116
46,39291,0,0,1,95A7_2019-06-16_16-49-30_000_517,SAM_8589,SPECTRUM,RAW,,,2019-06-16 16:49:30,0,0,,,,,SAM Control,SAM_8589,No Mission,1,0,1,,DLAB_2018-04-12_14-51-44_608_165,DLAB_2018-04-13_12-52-31_209_732,64,-1,0,+INF,0,65535,0,-NAN,$05 $00 Pixel,$03 $05 Intensity counts,$f0 $05 Error counts,$f1 $00 Status,116
47,38706,0,0,1,95A7_2019-06-16_16-49-30_000_517,SAM_8589,SPECTRUM,RAW,,,2019-06-16 16:49:30,0,0,,,,,SAM Control,SAM_8589,No Mission,1,0,1,,DLAB_2018-04-12_14-51-44_608_165,DLAB_2018-04-13_12-52-31_209_732,64,-1,0,+INF,0,65535,0,-NAN,$05 $00 Pixel,$03 $05 Intensity counts,$f0 $05 Error counts,$f1 $00 Status,116
48,37916,0,0,1,95A7_2019-06-16_16-49-30_000_517,SAM_8589,SPECTRUM,RAW,,,2019-06-16 16:49:30,0,0,,,,,SAM Control,SAM_8589,No Mission,1,0,1,,DLAB_2018-04-12_14-51-44_608_165,DLAB_2018-04-13_12-52-31_209_732,64,-1,0,+INF,0,65535,0,-NAN,$05 $00 Pixel,$03 $05 Intensity counts,$f0 $05 Error counts,$f1 $00 Status,116
49,37154,0,0,1,95A7_2019-06-16_16-49-30_000_517,SAM_8589,SPECTRUM,RAW,,,2019-06-16 16:49:30,0,0,,,,,SAM Control,SAM_8589,No Mission,1,0,1,,DLAB_2018-04-12_14-51-44_608_165,DLAB_2018-04-13_12-52-31_209_732,64,-1,0,+INF,0,65535,0,-NAN,$05 $00 Pixel,$03 $05 Intensity counts,$f0 $05 Error counts,$f1 $00 Status,116
50,37008,0,0,1,95A7_2019-06-16_16-49-30_000_517,SAM_8589,SPECTRUM,RAW,,,2019-06-16 16:49:30,0,0,,,,,SAM Control,SAM_8589,No Mission,1,0,1,,DLAB_2018-04-12_14-51-44_608_165,DLAB_2018-04-13_12-52-31_209_732,64,-1,0,+INF,0,65535,0,-NAN,$05 $00 Pixel,$03 $05 Intensity counts,$f0 $05 Error counts,$f1 $00 Status,116
51,37374,0,0,1,95A7_2019-06-16_16-49-30_000_517,SAM_8589,SPECTRUM,RAW,,,2019-06-16 16:49:30,0,0,,,,,SAM Control,SAM_8589,No Mission,1,0,1,,DLAB_2018-04-12_14-51-44_608_165,DLAB_2018-04-13_12-52-31_209_732,64,-1,0,+INF,0,65535,0,-NAN,$05 $00 Pixel,$03 $05 Intensity counts,$f0 $05 Error counts,$f1 $00 Status,116
52,37864,0,0,1,95A7_2019-06-16_16-49-30_000_517,SAM_8589,SPECTRUM,RAW,,,2019-06-16 16:49:30,0,0,,,,,SAM Control,SAM_8589,No Mission,1,0,1,,DLAB_2018-04-12_14-51-44_608_165,DLAB_2018-04-13_12-52-31_209_732,64,-1,0,+INF,0,65535,0,-NAN,$05 $00 Pixel,$03 $05 Intensity counts,$f0 $05 Error counts,$f1 $00 Status,116
53,37808,0,0,1,95A7_2019-06-16_16-49-30_000_517,SAM_8589,SPECTRUM,RAW,,,2019-06-16 16:49:30,0,0,,,,,SAM Control,SAM_8589,No Mission,1,0,1,,DLAB_2018-04-12_14-51-44_608_165,DLAB_2018-04-13_12-52-31_209_732,64,-1,0,+INF,0,65535,0,-NAN,$05 $00 Pixel,$03 $05 Intensity counts,$f0 $05 Error counts,$f1 $00 Status,116
54,36762,0,0,1,95A7_2019-06-16_16-49-30_000_517,SAM_8589,SPECTRUM,RAW,,,2019-06-16 16:49:30,0,0,,,,,SAM Control,SAM_8589,No Mission,1,0,1,,DLAB_2018-04-12_14-51-44_608_165,DLAB_2018-04-13_12-52-31_209_732,64,-1,0,+INF,0,65535,0,-NAN,$05 $00 Pixel,$03 $05 Intensity counts,$f0 $05 Error counts,$f1 $00 Status,116
55,36041,0,0,1,95A7_2019-06-16_16-49-30_000_517,SAM_8589,SPECTRUM,RAW,,,2019-06-16 16:49:30,0,0,,,,,SAM Control,SAM_8589,No Mission,1,0,1,,DLAB_2018-04-12_14-51-44_608_165,DLAB_2018-04-13_12-52-31_209_732,64,-1,0,+INF,0,65535,0,-NAN,$05 $00 Pixel,$03 $05 Intensity counts,$f0 $05 Error counts,$f1 $00 Status,116
56,36473,0,0,1,95A7_2019-06-16_16-49-30_000_517,SAM_8589,SPECTRUM,RAW,,,2019-06-16 16:49:30,0,0,,,,,SAM Control,SAM_8589,No Mission,1,0,1,,DLAB_2018-04-12_14-51-44_608_165,DLAB_2018-04-13_12-52-31_209_732,64,-1,0,+INF,0,65535,0,-NAN,$05 $00 Pixel,$03 $05 Intensity counts,$f0 $05 Error counts,$f1 $00 Status,116
57,37192,0,0,1,95A7_2019-06-16_16-49-30_000_517,SAM_8589,SPECTRUM,RAW,,,2019-06-16 16:49:30,0,0,,,,,SAM Control,SAM_8589,No Mission,1,0,1,,DLAB_2018-04-12_14-51-44_608_165,DLAB_2018-04-13_12-52-31_209_732,64,-1,0,+INF,0,65535,0,-NAN,$05 $00 Pixel,$03 $05 Intensity counts,$f0 $05 Error counts,$f1 $00 Status,116
58,37396,0,0,1,95A7_2019-06-16_16-49-30_000_517,SAM_8589,SPECTRUM,RAW,,,2019-06-16 16:49:30,0,0,,,,,SAM Control,SAM_8589,No Mission,1,0,1,,DLAB_2018-04-12_14-51-44_608_165,DLAB_2018-04-13_12-52-31_209_732,64,-1,0,+INF,0,65535,0,-NAN,$05 $00 Pixel,$03 $05 Intensity counts,$f0 $05 Error counts,$f1 $00 Status,116
59,37460,0,0,1,95A7_2019-06-16_16-49-30_000_517,SAM_8589,SPECTRUM,RAW,,,2019-06-16 16:49:30,0,0,,,,,SAM Control,SAM_8589,No Mission,1,0,1,,DLAB_2018-04-12_14-51-44_608_165,DLAB_2018-04-13_12-52-31_209_732,64,-1,0,+INF,0,65535,0,-NAN,$05 $00 Pixel,$03 $05 Intensity counts,$f0 $05 Error counts,$f1 $00 Status,116
60,38049,0,0,1,95A7_2019-06-16_16-49-30_000_517,SAM_8589,SPECTRUM,RAW,,,2019-06-16 16:49:30,0,0,,,,,SAM Control,SAM_8589,No Mission,1,0,1,,DLAB_2018-04-12_14-51-44_608_165,DLAB_2018-04-13_12-52-31_209_732,64,-1,0,+INF,0,65535,0,-NAN,$05 $00 Pixel,$03 $05 Intensity counts,$f0 $05 Error counts,$f1 $00 Status,116
61,39038,0,0,1,95A7_2019-06-16_16-49-30_000_517,SAM_8589,SPECTRUM,RAW,,,2019-06-16 16:49:30,0,0,,,,,SAM Control,SAM_8589,No Mission,1,0,1,,DLAB_2018-04-12_14-51-44_608_165,DLAB_2018-04-13_12-52-31_209_732,64,-1,0,+INF,0,65535,0,-NAN,$05 $00 Pixel,$03 $05 Intensity counts,$f0 $05 Error counts,$f1 $00 Status,116
62,39666,0,0,1,95A7_2019-06-16_16-49-30_000_517,SAM_8589,SPECTRUM,RAW,,,2019-06-16 16:49:30,0,0,,,,,SAM Control,SAM_8589,No Mission,1,0,1,,DLAB_2018-04-12_14-51-44_608_165,DLAB_2018-04-13_12-52-31_209_732,64,-1,0,+INF,0,65535,0,-NAN,$05 $00 Pixel,$03 $05 Intensity counts,$f0 $05 Error counts,$f1 $00 Status,116
63,39536,0,0,1,95A7_2019-06-16_16-49-30_000_517,SAM_8589,SPECTRUM,RAW,,,2019-06-16 16:49:30,0,0,,,,,SAM Control,SAM_8589,No Mission,1,0,1,,DLAB_2018-04-12_14-51-44_608_165,DLAB_2018-04-13_12-52-31_209_732,64,-1,0,+INF,0,65535,0,-NAN,$05 $00 Pixel,$03 $05 Intensity counts,$f0 $05 Error counts,$f1 $00 Status,116
64,39788,0,0,1,95A7_2019-06-16_16-49-30_000_517,SAM_8589,SPECTRUM,RAW,,,2019-06-16 16:49:30,0,0,,,,,SAM Control,SAM_8589,No Mission,1,0,1,,DLAB_2018-04-12_14-51-44_608_165,DLAB_2018-04-13_12-52-31_209_732,64,-1,0,+INF,0,65535,0,-NAN,$05 $00 Pixel,$03 $05 Intensity counts,$f0 $05 Error counts,$f1 $00 Status,116
65,41138,0,0,1,95A7_2019-06-16_16-49-30_000_517,SAM_8589,SPECTRUM,RAW,,,2019-06-16 16:49:30,0,0,,,,,SAM Control,SAM_8589,No Mission,1,0,1,,DLAB_2018-04-12_14-51-44_608_165,DLAB_2018-04-13_12-52-31_209_732,64,-1,0,+INF,0,65535,0,-NAN,$05 $00 Pixel,$03 $05 Intensity counts,$f0 $05 Error counts,$f1 $00 Status,116
66,42678,0,0,1,95A7_2019-06-16_16-49-30_000_517,SAM_8589,SPECTRUM,RAW,,,2019-06-16 16:49:30,0,0,,,,,SAM Control,SAM_8589,No Mission,1,0,1,,DLAB_2018-04-12_14-51-44_608_165,DLAB_2018-04-13_12-52-31_209_732,64,-1,0,+INF,0,65535,0,-NAN,$05 $00 Pixel,$03 $05 Intensity counts,$f0 $05 Error counts,$f1 $00 Status,116
67,43948,0,0,1,95A7_2019-06-16_16-49-30_000_517,SAM_8589,SPECTRUM,RAW,,,2019-06-16 16:49:30,0,0,,,,,SAM Control,SAM_8589,No Mission,1,0,1,,DLAB_2018-04-12_14-51-44_608_165,DLAB_2018-04-13_12-52-31_209_732,64,-1,0,+INF,0,65535,0,-NAN,$05 $00 Pixel,$03 $05 Intensity counts,$f0 $05 Error counts,$f1 $00 Status,116
68,45074,0,0,1,95A7_2019-06-16_16-49-30_000_517,SAM_8589,SPECTRUM,RAW,,,2019-06-16 16:49:30,0,0,,,,,SAM Control,SAM_8589,No Mission,1,0,1,,DLAB_2018-04-12_14-51-44_608_165,DLAB_2018-04-13_12-52-31_209_732,64,-1,0,+INF,0,65535,0,-NAN,$05 $00 Pixel,$03 $05 Intensity counts,$f0 $05 Error counts,$f1 $00 Status,116
69,45725,0,0,1,95A7_2019-06-16_16-49-30_000_517,SAM_8589,SPECTRUM,RAW,,,2019-06-16 16:49:30,0,0,,,,,SAM Control,SAM_8589,No Mission,1,0,1,,DLAB_2018-04-12_14-51-44_608_165,DLAB_2018-04-13_12-52-31_209_732,64,-1,0,+INF,0,65535,0,-NAN,$05 $00 Pixel,$03 $05 Intensity counts,$f0 $05 Error counts,$f1 $00 Status,116
70,45673,0,0,1,95A7_2019-06-16_16-49-30_000_517,SAM_8589,SPECTRUM,RAW,,,2019-06-16 16:49:30,0,0,,,,,SAM Control,SAM_8589,No Mission,1,0,1,,DLAB_2018-04-12_14-51-44_608_165,DLAB_2018-04-13_12-52-31_209_732,64,-1,0,+INF,0,65535,0,-NAN,$05 $00 Pixel,$03 $05 Intensity counts,$f0 $05 Error counts,$f1 $00 Status,116
71,45341,0,0,1,95A7_2019-06-16_16-49-30_000_517,SAM_8589,SPECTRUM,RAW,,,2019-06-16 16:49:30,0,0,,,,,SAM Control,SAM_8589,No Mission,1,0,1,,DLAB_2018-04-12_14-51-44_608_165,DLAB_2018-04-13_12-52-31_209_732,64,-1,0,+INF,0,65535,0,-NAN,$05 $00 Pixel,$03 $05 Intensity counts,$f0 $05 Error counts,$f1 $00 Status,116
72,44968,0,0,1,95A7_2019-06-16_16-49-30_000_517,SAM_8589,SPECTRUM,RAW,,,2019-06-16 16:49:30,0,0,,,,,SAM Control,SAM_8589,No Mission,1,0,1,,DLAB_2018-04-12_14-51-44_608_165,DLAB_2018-04-13_12-52-31_209_732,64,-1,0,+INF,0,65535,0,-NAN,$05 $00 Pixel,$03 $05 Intensity counts,$f0 $05 Error counts,$f1 $00 Status,116
73,44430,0,0,1,95A7_2019-06-16_16-49-30_000_517,SAM_8589,SPECTRUM,RAW,,,2019-06-16 16:49:30,0,0,,,,,SAM Control,SAM_8589,No Mission,1,0,1,,DLAB_2018-04-12_14-51-44_608_165,DLAB_2018-04-13_12-52-31_209_732,64,-1,0,+INF,0,65535,0,-NAN,$05 $00 Pixel,$03 $05 Intensity counts,$f0 $05 Error counts,$f1 $00 Status,116
74,43580,0,0,1,95A7_2019-06-16_16-49-30_000_517,SAM_8589,SPECTRUM,RAW,,,2019-06-16 16:49:30,0,0,,,,,SAM Control,SAM_8589,No Mission,1,0,1,,DLAB_2018-04-12_14-51-44_608_165,DLAB_2018-04-13_12-52-31_209_732,64,-1,0,+INF,0,65535,0,-NAN,$05 $00 Pixel,$03 $05 Intensity counts,$f0 $05 Error counts,$f1 $00 Status,116
75,42322,0,0,1,95A7_2019-06-16_16-49-30_000_517,SAM_8589,SPECTRUM,RAW,,,2019-06-16 16:49:30,0,0,,,,,SAM Control,SAM_8589,No Mission,1,0,1,,DLAB_2018-04-12_14-51-44_608_165,DLAB_2018-04-13_12-52-31_209_732,64,-1,0,+INF,0,65535,0,-NAN,$05 $00 Pixel,$03 $05 Intensity counts,$f0 $05 Error counts,$f1 $00 Status,116
76,40802,0,0,1,95A7_2019-06-16_16-49-30_000_517,SAM_8589,SPECTRUM,RAW,,,2019-06-16 16:49:30,0,0,,,,,SAM Control,SAM_8589,No Mission,1,0,1,,DLAB_2018-04-12_14-51-44_608_165,DLAB_2018-04-13_12-52-31_209_732,64,-1,0,+INF,0,65535,0,-NAN,$05 $00 Pixel,$03 $05 Intensity counts,$f0 $05 Error counts,$f1 $00 Status,116
77,39380,0,0,1,95A7_2019-06-16_16-49-30_000_517,SAM_8589,SPECTRUM,RAW,,,2019-06-16 16:49:30,0,0,,,,,SAM Control,SAM_8589,No Mission,1,0,1,,DLAB_2018-04-12_14-51-44_608_165,DLAB_2018-04-13_12-52-31_209_732,64,-1,0,+INF,0,65535,0,-NAN,$05 $00 Pixel,$03 $05 Intensity counts,$f0 $05 Error counts,$f1 $00 Status,116
78,38098,0,0,1,95A7_2019-06-16_16-49-30_000_517,SAM_8589,SPECTRUM,RAW,,,2019-06-16 16:49:30,0,0,,,,,SAM Control,SAM_8589,No Mission,1,0,1,,DLAB_2018-04-12_14-51-44_608_165,DLAB_2018-04-13_12-52-31_209_732,64,-1,0,+INF,0,65535,0,-NAN,$05 $00 Pixel,$03 $05 Intensity counts,$f0 $05 Error counts,$f1 $00 Status,116
79,36787,0,0,1,95A7_2019-06-16_16-49-30_000_517,SAM_8589,SPECTRUM,RAW,,,2019-06-16 16:49:30,0,0,,,,,SAM Control,SAM_8589,No Mission,1,0,1,,DLAB_2018-04-12_14-51-44_608_165,DLAB_2018-04-13_12-52-31_209_732,64,-1,0,+INF,0,65535,0,-NAN,$05 $00 Pixel,$03 $05 Intensity counts,$f0 $05 Error counts,$f1 $00 Status,116
80,35625,0,0,1,95A7_2019-06-16_16-49-30_000_517,SAM_8589,SPECTRUM,RAW,,,2019-06-16 16:49:30,0,0,,,,,SAM Control,SAM_8589,No Mission,1,0,1,,DLAB_2018-04-12_14-51-44_608_165,DLAB_2018-04-13_12-52-31_209_732,64,-1,0,+INF,0,65535,0,-NAN,$05 $00 Pixel,$03 $05 Intensity counts,$f0 $05 Error counts,$f1 $00 Status,116
81,34587,0,0,1,95A7_2019-06-16_16-49-30_000_517,SAM_8589,SPECTRUM,RAW,,,2019-06-16 16:49:30,0,0,,,,,SAM Control,SAM_8589,No Mission,1,0,1,,DLAB_2018-04-12_14-51-44_608_165,DLAB_2018-04-13_12-52-31_209_732,64,-1,0,+INF,0,65535,0,-NAN,$05 $00 Pixel,$03 $05 Intensity counts,$f0 $05 Error counts,$f1 $00 Status,116
82,33747,0,0,1,95A7_2019-06-16_16-49-30_000_517,SAM_8589,SPECTRUM,RAW,,,2019-06-16 16:49:30,0,0,,,,,SAM Control,SAM_8589,No Mission,1,0,1,,DLAB_2018-04-12_14-51-44_608_165,DLAB_2018-04-13_12-52-31_209_732,64,-1,0,+INF,0,65535,0,-NAN,$05 $00 Pixel,$03 $05 Intensity counts,$f0 $05 Error counts,$f1 $00 Status,116
83,33030,0,0,1,95A7_2019-06-16_16-49-30_000_517,SAM_8589,SPECTRUM,RAW,,,2019-06-16 16:49:30,0,0,,,,,SAM Control,SAM_8589,No Mission,1,0,1,,DLAB_2018-04-12_14-51-44_608_165,DLAB_2018-04-13_12-52-31_209_732,64,-1,0,+INF,0,65535,0,-NAN,$05 $00 Pixel,$03 $05 Intensity counts,$f0 $05 Error counts,$f1 $00 Status,116
84,31933,0,0,1,95A7_2019-06-16_16-49-30_000_517,SAM_8589,SPECTRUM,RAW,,,2019-06-16 16:49:30,0,0,,,,,SAM Control,SAM_8589,No Mission,1,0,1,,DLAB_2018-04-12_14-51-44_608_165,DLAB_2018-04-13_12-52-31_209_732,64,-1,0,+INF,0,65535,0,-NAN,$05 $00 Pixel,$03 $05 Intensity counts,$f0 $05 Error counts,$f1 $00 Status,116
85,30374,0,0,1,95A7_2019-06-16_16-49-30_000_517,SAM_8589,SPECTRUM,RAW,,,2019-06-16 16:49:30,0,0,,,,,SAM Control,SAM_8589,No Mission,1,0,1,,DLAB_2018-04-12_14-51-44_608_165,DLAB_2018-04-13_12-52-31_209_732,64,-1,0,+INF,0,65535,0,-NAN,$05 $00 Pixel,$03 $05 Intensity counts,$f0 $05 Error counts,$f1 $00 Status,116
86,29053,0,0,1,95A7_2019-06-16_16-49-30_000_517,SAM_8589,SPECTRUM,RAW,,,2019-06-16 16:49:30,0,0,,,,,SAM Control,SAM_8589,No Mission,1,0,1,,DLAB_2018-04-12_14-51-44_608_165,DLAB_2018-04-13_12-52-31_209_732,64,-1,0,+INF,0,65535,0,-NAN,$05 $00 Pixel,$03 $05 Intensity counts,$f0 $05 Error counts,$f1 $00 Status,116
87,28213,0,0,1,95A7_2019-06-16_16-49-30_000_517,SAM_8589,SPECTRUM,RAW,,,2019-06-16 16:49:30,0,0,,,,,SAM Control,SAM_8589,No Mission,1,0,1,,DLAB_2018-04-12_14-51-44_608_165,DLAB_2018-04-13_12-52-31_209_732,64,-1,0,+INF,0,65535,0,-NAN,$05 $00 Pixel,$03 $05 Intensity counts,$f0 $05 Error counts,$f1 $00 Status,116
88,27456,0,0,1,95A7_2019-06-16_16-49-30_000_517,SAM_8589,SPECTRUM,RAW,,,2019-06-16 16:49:30,0,0,,,,,SAM Control,SAM_8589,No Mission,1,0,1,,DLAB_2018-04-12_14-51-44_608_165,DLAB_2018-04-13_12-52-31_209_732,64,-1,0,+INF,0,65535,0,-NAN,$05 $00 Pixel,$03 $05 Intensity counts,$f0 $05 Error counts,$f1 $00 Status,116
89,26896,0,0,1,95A7_2019-06-16_16-49-30_000_517,SAM_8589,SPECTRUM,RAW,,,2019-06-16 16:49:30,0,0,,,,,SAM Control,SAM_8589,No Mission,1,0,1,,DLAB_2018-04-12_14-51-44_608_165,DLAB_2018-04-13_12-52-31_209_732,64,-1,0,+INF,0,65535,0,-NAN,$05 $00 Pixel,$03 $05 Intensity counts,$f0 $05 Error counts,$f1 $00 Status,116
90,26576,0,0,1,95A7_2019-06-16_16-49-30_000_517,SAM_8589,SPECTRUM,RAW,,,2019-06-16 16:49:30,0,0,,,,,SAM Control,SAM_8589,No Mission,1,0,1,,DLAB_2018-04-12_14-51-44_608_165,DLAB_2018-04-13_12-52-31_209_732,64,-1,0,+INF,0,65535,0,-NAN,$05 $00 Pixel,$03 $05 Intensity counts,$f0 $05 Error counts,$f1 $00 Status,116
91,26349,0,0,1,95A7_2019-06-16_16-49-30_000_517,SAM_8589,SPECTRUM,RAW,,,2019-06-16 16:49:30,0,0,,,,,SAM Control,SAM_8589,No Mission,1,0,1,,DLAB_2018-04-12_14-51-44_608_165,DLAB_2018-04-13_12-52-31_209_732,64,-1,0,+INF,0,65535,0,-NAN,$05 $00 Pixel,$03 $05 Intensity counts,$f0 $05 Error counts,$f1 $00 Status,116
92,26071,0,0,1,95A7_2019-06-16_16-49-30_000_517,SAM_8589,SPECTRUM,RAW,,,2019-06-16 16:49:30,0,0,,,,,SAM Control,SAM_8589,No Mission,1,0,1,,DLAB_2018-04-12_14-51-44_608_165,DLAB_2018-04-13_12-52-31_209_732,64,-1,0,+INF,0,65535,0,-NAN,$05 $00 Pixel,$03 $05 Intensity counts,$f0 $05 Error counts,$f1 $00 Status,116
93,25856,0,0,1,95A7_2019-06-16_16-49-30_000_517,SAM_8589,SPECTRUM,RAW,,,2019-06-16 16:49:30,0,0,,,,,SAM Control,SAM_8589,No Mission,1,0,1,,DLAB_2018-04-12_14-51-44_608_165,DLAB_2018-04-13_12-52-31_209_732,64,-1,0,+INF,0,65535,0,-NAN,$05 $00 Pixel,$03 $05 Intensity counts,$f0 $05 Error counts,$f1 $00 Status,116
94,25753,0,0,1,95A7_2019-06-16_16-49-30_000_517,SAM_8589,SPECTRUM,RAW,,,2019-06-16 16:49:30,0,0,,,,,SAM Control,SAM_8589,No Mission,1,0,1,,DLAB_2018-04-12_14-51-44_608_165,DLAB_2018-04-13_12-52-31_209_732,64,-1,0,+INF,0,65535,0,-NAN,$05 $00 Pixel,$03 $05 Intensity counts,$f0 $05 Error counts,$f1 $00 Status,116
95,25572,0,0,1,95A7_2019-06-16_16-49-30_000_517,SAM_8589,SPECTRUM,RAW,,,2019-06-16 16:49:30,0,0,,,,,SAM Control,SAM_8589,No Mission,1,0,1,,DLAB_2018-04-12_14-51-44_608_165,DLAB_2018-04-13_12-52-31_209_732,64,-1,0,+INF,0,65535,0,-NAN,$05 $00 Pixel,$03 $05 Intensity counts,$f0 $05 Error counts,$f1 $00 Status,116
96,25130,0,0,1,95A7_2019-06-16_16-49-30_000_517,SAM_8589,SPECTRUM,RAW,,,2019-06-16 16:49:30,0,0,,,,,SAM Control,SAM_8589,No Mission,1,0,1,,DLAB_2018-04-12_14-51-44_608_165,DLAB_2018-04-13_12-52-31_209_732,64,-1,0,+INF,0,65535,0,-NAN,$05 $00 Pixel,$03 $05 Intensity counts,$f0 $05 Error counts,$f1 $00 Status,116
97,24534,0,0,1,95A7_2019-06-16_16-49-30_000_517,SAM_8589,SPECTRUM,RAW,,,2019-06-16 16:49:30,0,0,,,,,SAM Control,SAM_8589,No Mission,1,0,1,,DLAB_2018-04-12_14-51-44_608_165,DLAB_2018-04-13_12-52-31_209_732,64,-1,0,+INF,0,65535,0,-NAN,$05 $00 Pixel,$03 $05 Intensity counts,$f0 $05 Error counts,$f1 $00 Status,116
98,23994,0,0,1,95A7_2019-06-16_16-49-30_000_517,SAM_8589,SPECTRUM,RAW,,,2019-06-16 16:49:30,0,0,,,,,SAM Control,SAM_8589,No Mission,1,0,1,,DLAB_2018-04-12_14-51-44_608_165,DLAB_2018-04-13_12-52-31_209_732,64,-1,0,+INF,0,65535,0,-NAN,$05 $00 Pixel,$03 $05 Intensity counts,$f0 $05 Error counts,$f1 $00 Status,116
99,23570,0,0,1,95A7_2019-06-16_16-49-30_000_517,SAM_8589,SPECTRUM,RAW,,,2019-06-16 16:49:30,0,0,,,,,SAM Control,SAM_8589,No Mission,1,0,1,,DLAB_2018-04-12_14-51-44_608_165,DLAB_2018-04-13_12-52-31_209_732,64,-1,0,+INF,0,65535,0,-NAN,$05 $00 Pixel,$03 $05 Intensity counts,$f0 $05 Error counts,$f1 $00 Status,116
100,23188,0,0,1,95A7_2019-06-16_16-49-30_000_517,SAM_8589,SPECTRUM,RAW,,,2019-06-16 16:49:30,0,0,,,,,SAM Control,SAM_8589,No Mission,1,0,1,,DLAB_2018-04-12_14-51-44_608_165,DLAB_2018-04-13_12-52-31_209_732,64,-1,0,+INF,0,65535,0,-NAN,$05 $00 Pixel,$03 $05 Intensity counts,$f0 $05 Error counts,$f1 $00 Status,116
101,22726,0,0,1,95A7_2019-06-16_16-49-30_000_517,SAM_8589,SPECTRUM,RAW,,,2019-06-16 16:49:30,0,0,,,,,SAM Control,SAM_8589,No Mission,1,0,1,,DLAB_2018-04-12_14-51-44_608_165,DLAB_2018-04-13_12-52-31_209_732,64,-1,0,+INF,0,65535,0,-NAN,$05 $00 Pixel,$03 $05 Intensity counts,$f0 $05 Error counts,$f1 $00 Status,116
102,22161,0,0,1,95A7_2019-06-16_16-49-30_000_517,SAM_8589,SPECTRUM,RAW,,,2019-06-16 16:49:30,0,0,,,,,SAM Control,SAM_8589,No Mission,1,0,1,,DLAB_2018-04-12_14-51-44_608_165,DLAB_2018-04-13_12-52-31_209_732,64,-1,0,+INF,0,65535,0,-NAN,$05 $00 Pixel,$03 $05 Intensity counts,$f0 $05 Error counts,$f1 $00 Status,116
103,21625,0,0,1,95A7_2019-06-16_16-49-30_000_517,SAM_8589,SPECTRUM,RAW,,,2019-06-16 16:49:30,0,0,,,,,SAM Control,SAM_8589,No Mission,1,0,1,,DLAB_2018-04-12_14-51-44_608_165,DLAB_2018-04-13_12-52-31_209_732,64,-1,0,+INF,0,65535,0,-NAN,$05 $00 Pixel,$03 $05 Intensity counts,$f0 $05 Error counts,$f1 $00 Status,116
104,21122,0,0,1,95A7_2019-06-16_16-49-30_000_517,SAM_8589,SPECTRUM,RAW,,,2019-06-16 16:49:30,0,0,,,,,SAM Control,SAM_8589,No Mission,1,0,1,,DLAB_2018-04-12_14-51-44_608_165,DLAB_2018-04-13_12-52-31_209_732,64,-1,0,+INF,0,65535,0,-NAN,$05 $00 Pixel,$03 $05 Intensity counts,$f0 $05 Error counts,$f1 $00 Status,116
105,20562,0,0,1,95A7_2019-06-16_16-49-30_000_517,SAM_8589,SPECTRUM,RAW,,,2019-06-16 16:49:30,0,0,,,,,SAM Control,SAM_8589,No Mission,1,0,1,,DLAB_2018-04-12_14-51-44_608_165,DLAB_2018-04-13_12-52-31_209_732,64,-1,0,+INF,0,65535,0,-NAN,$05 $00 Pixel,$03 $05 Intensity counts,$f0 $05 Error counts,$f1 $00 Status,116
106,20246,0,0,1,95A7_2019-06-16_16-49-30_000_517,SAM_8589,SPECTRUM,RAW,,,2019-06-16 16:49:30,0,0,,,,,SAM Control,SAM_8589,No Mission,1,0,1,,DLAB_2018-04-12_14-51-44_608_165,DLAB_2018-04-13_12-52-31_209_732,64,-1,0,+INF,0,65535,0,-NAN,$05 $00 Pixel,$03 $05 Intensity counts,$f0 $05 Error counts,$f1 $00 Status,116
107,20223,0,0,1,95A7_2019-06-16_16-49-30_000_517,SAM_8589,SPECTRUM,RAW,,,2019-06-16 16:49:30,0,0,,,,,SAM Control,SAM_8589,No Mission,1,0,1,,DLAB_2018-04-12_14-51-44_608_165,DLAB_2018-04-13_12-52-31_209_732,64,-1,0,+INF,0,65535,0,-NAN,$05 $00 Pixel,$03 $05 Intensity counts,$f0 $05 Error counts,$f1 $00 Status,116
108,20134,0,0,1,95A7_2019-06-16_16-49-30_000_517,SAM_8589,SPECTRUM,RAW,,,2019-06-16 16:49:30,0,0,,,,,SAM Control,SAM_8589,No Mission,1,0,1,,DLAB_2018-04-12_14-51-44_608_165,DLAB_2018-04-13_12-52-31_209_732,64,-1,0,+INF,0,65535,0,-NAN,$05 $00 Pixel,$03 $05 Intensity counts,$f0 $05 Error counts,$f1 $00 Status,116
109,19893,0,0,1,95A7_2019-06-16_16-49-30_000_517,SAM_8589,SPECTRUM,RAW,,,2019-06-16 16:49:30,0,0,,,,,SAM Control,SAM_8589,No Mission,1,0,1,,DLAB_2018-04-12_14-51-44_608_165,DLAB_2018-04-13_12-52-31_209_732,64,-1,0,+INF,0,65535,0,-NAN,$05 $00 Pixel,$03 $05 Intensity counts,$f0 $05 Error counts,$f1 $00 Status,116
110,19553,0,0,1,95A7_2019-06-16_16-49-30_000_517,SAM_8589,SPECTRUM,RAW,,,2019-06-16 16:49:30,0,0,,,,,SAM Control,SAM_8589,No Mission,1,0,1,,DLAB_2018-04-12_14-51-44_608_165,DLAB_2018-04-13_12-52-31_209_732,64,-1,0,+INF,0,65535,0,-NAN,$05 $00 Pixel,$03 $05 Intensity counts,$f0 $05 Error counts,$f1 $00 Status,116
111,19158,0,0,1,95A7_2019-06-16_16-49-30_000_517,SAM_8589,SPECTRUM,RAW,,,2019-06-16 16:49:30,0,0,,,,,SAM Control,SAM_8589,No Mission,1,0,1,,DLAB_2018-04-12_14-51-44_608_165,DLAB_2018-04-13_12-52-31_209_732,64,-1,0,+INF,0,65535,0,-NAN,$05 $00 Pixel,$03 $05 Intensity counts,$f0 $05 Error counts,$f1 $00 Status,116
112,18706,0,0,1,95A7_2019-06-16_16-49-30_000_517,SAM_8589,SPECTRUM,RAW,,,2019-06-16 16:49:30,0,0,,,,,SAM Control,SAM_8589,No Mission,1,0,1,,DLAB_2018-04-12_14-51-44_608_165,DLAB_2018-04-13_12-52-31_209_732,64,-1,0,+INF,0,65535,0,-NAN,$05 $00 Pixel,$03 $05 Intensity counts,$f0 $05 Error counts,$f1 $00 Status,116
113,17958,0,0,1,95A7_2019-06-16_16-49-30_000_517,SAM_8589,SPECTRUM,RAW,,,2019-06-16 16:49:30,0,0,,,,,SAM Control,SAM_8589,No Mission,1,0,1,,DLAB_2018-04-12_14-51-44_608_165,DLAB_2018-04-13_12-52-31_209_732,64,-1,0,+INF,0,65535,0,-NAN,$05 $00 Pixel,$03 $05 Intensity counts,$f0 $05 Error counts,$f1 $00 Status,116
114,16787,0,0,1,95A7_2019-06-16_16-49-30_000_517,SAM_8589,SPECTRUM,RAW,,,2019-06-16 16:49:30,0,0,,,,,SAM Control,SAM_8589,No Mission,1,0,1,,DLAB_2018-04-12_14-51-44_608_165,DLAB_2018-04-13_12-52-31_209_732,64,-1,0,+INF,0,65535,0,-NAN,$05 $00 Pixel,$03 $05 Intensity counts,$f0 $05 Error counts,$f1 $00 Status,116
115,15816,0,0,1,95A7_2019-06-16_16-49-30_000_517,SAM_8589,SPECTRUM,RAW,,,2019-06-16 16:49:30,0,0,,,,,SAM Control,SAM_8589,No Mission,1,0,1,,DLAB_2018-04-12_14-51-44_608_165,DLAB_2018-04-13_12-52-31_209_732,64,-1,0,+INF,0,65535,0,-NAN,$05 $00 Pixel,$03 $05 Intensity counts,$f0 $05 Error counts,$f1 $00 Status,116
116,15644,0,0,1,95A7_2019-06-16_16-49-30_000_517,SAM_8589,SPECTRUM,RAW,,,2019-06-16 16:49:30,0,0,,,,,SAM Control,SAM_8589,No Mission,1,0,1,,DLAB_2018-04-12_14-51-44_608_165,DLAB_2018-04-13_12-52-31_209_732,64,-1,0,+INF,0,65535,0,-NAN,$05 $00 Pixel,$03 $05 Intensity counts,$f0 $05 Error counts,$f1 $00 Status,116
117,15994,0,0,1,95A7_2019-06-16_16-49-30_000_517,SAM_8589,SPECTRUM,RAW,,,2019-06-16 16:49:30,0,0,,,,,SAM Control,SAM_8589,No Mission,1,0,1,,DLAB_2018-04-12_14-51-44_608_165,DLAB_2018-04-13_12-52-31_209_732,64,-1,0,+INF,0,65535,0,-NAN,$05 $00 Pixel,$03 $05 Intensity counts,$f0 $05 Error counts,$f1 $00 Status,116
118,16312,0,0,1,95A7_2019-06-16_16-49-30_000_517,SAM_8589,SPECTRUM,RAW,,,2019-06-16 16:49:30,0,0,,,,,SAM Control,SAM_8589,No Mission,1,0,1,,DLAB_2018-04-12_14-51-44_608_165,DLAB_2018-04-13_12-52-31_209_732,64,-1,0,+INF,0,65535,0,-NAN,$05 $00 Pixel,$03 $05 Intensity counts,$f0 $05 Error counts,$f1 $00 Status,116
119,16587,0,0,1,95A7_2019-06-16_16-49-30_000_517,SAM_8589,SPECTRUM,RAW,,,2019-06-16 16:49:30,0,0,,,,,SAM Control,SAM_8589,No Mission,1,0,1,,DLAB_2018-04-12_14-51-44_608_165,DLAB_2018-04-13_12-52-31_209_732,64,-1,0,+INF,0,65535,0,-NAN,$05 $00 Pixel,$03 $05 Intensity counts,$f0 $05 Error counts,$f1 $00 Status,116
120,16937,0,0,1,95A7_2019-06-16_16-49-30_000_517,SAM_8589,SPECTRUM,RAW,,,2019-06-16 16:49:30,0,0,,,,,SAM Control,SAM_8589,No Mission,1,0,1,,DLAB_2018-04-12_14-51-44_608_165,DLAB_2018-04-13_12-52-31_209_732,64,-1,0,+INF,0,65535,0,-NAN,$05 $00 Pixel,$03 $05 Intensity counts,$f0 $05 Error counts,$f1 $00 Status,116
121,17213,0,0,1,95A7_2019-06-16_16-49-30_000_517,SAM_8589,SPECTRUM,RAW,,,2019-06-16 16:49:30,0,0,,,,,SAM Control,SAM_8589,No Mission,1,0,1,,DLAB_2018-04-12_14-51-44_608_165,DLAB_2018-04-13_12-52-31_209_732,64,-1,0,+INF,0,65535,0,-NAN,$05 $00 Pixel,$03 $05 Intensity counts,$f0 $05 Error counts,$f1 $00 Status,116
122,17033,0,0,1,95A7_2019-06-16_16-49-30_000_517,SAM_8589,SPECTRUM,RAW,,,2019-06-16 16:49:30,0,0,,,,,SAM Control,SAM_8589,No Mission,1,0,1,,DLAB_2018-04-12_14-51-44_608_165,DLAB_2018-04-13_12-52-31_209_732,64,-1,0,+INF,0,65535,0,-NAN,$05 $00 Pixel,$03 $05 Intensity counts,$f0 $05 Error counts,$f1 $00 Status,116
123,16041,0,0,1,95A7_2019-06-16_16-49-30_000_517,SAM_8589,SPECTRUM,RAW,,,2019-06-16 16:49:30,0,0,,,,,SAM Control,SAM_8589,No Mission,1,0,1,,DLAB_2018-04-12_14-51-44_608_165,DLAB_2018-04-13_12-52-31_209_732,64,-1,0,+INF,0,65535,0,-NAN,$05 $00 Pixel,$03 $05 Intensity counts,$f0 $05 Error counts,$f1 $00 Status,116
124,14860,0,0,1,95A7_2019-06-16_16-49-30_000_517,SAM_8589,SPECTRUM,RAW,,,2019-06-16 16:49:30,0,0,,,,,SAM Control,SAM_8589,No Mission,1,0,1,,DLAB_2018-04-12_14-51-44_608_165,DLAB_2018-04-13_12-52-31_209_732,64,-1,0,+INF,0,65535,0,-NAN,$05 $00 Pixel,$03 $05 Intensity counts,$f0 $05 Error counts,$f1 $00 Status,116
125,14155,0,0,1,95A7_2019-06-16_16-49-30_000_517,SAM_8589,SPECTRUM,RAW,,,2019-06-16 16:49:30,0,0,,,,,SAM Control,SAM_8589,No Mission,1,0,1,,DLAB_2018-04-12_14-51-44_608_165,DLAB_2018-04-13_12-52-31_209_732,64,-1,0,+INF,0,65535,0,-NAN,$05 $00 Pixel,$03 $05 Intensity counts,$f0 $05 Error counts,$f1 $00 Status,116
126,13970,0,0,1,95A7_2019-06-16_16-49-30_000_517,SAM_8589,SPECTRUM,RAW,,,2019-06-16 16:49:30,0,0,,,,,SAM Control,SAM_8589,No Mission,1,0,1,,DLAB_2018-04-12_14-51-44_608_165,DLAB_2018-04-13_12-52-31_209_732,64,-1,0,+INF,0,65535,0,-NAN,$05 $00 Pixel,$03 $05 Intensity counts,$f0 $05 Error counts,$f1 $00 Status,116
127,14013,0,0,1,95A7_2019-06-16_16-49-30_000_517,SAM_8589,SPECTRUM,RAW,,,2019-06-16 16:49:30,0,0,,,,,SAM Control,SAM_8589,No Mission,1,0,1,,DLAB_2018-04-12_14-51-44_608_165,DLAB_2018-04-13_12-52-31_209_732,64,-1,0,+INF,0,65535,0,-NAN,$05 $00 Pixel,$03 $05 Intensity counts,$f0 $05 Error counts,$f1 $00 Status,116
128,14497,0,0,1,95A7_2019-06-16_16-49-30_000_517,SAM_8589,SPECTRUM,RAW,,,2019-06-16 16:49:30,0,0,,,,,SAM Control,SAM_8589,No Mission,1,0,1,,DLAB_2018-04-12_14-51-44_608_165,DLAB_2018-04-13_12-52-31_209_732,64,-1,0,+INF,0,65535,0,-NAN,$05 $00 Pixel,$03 $05 Intensity counts,$f0 $05 Error counts,$f1 $00 Status,116
129,15068,0,0,1,95A7_2019-06-16_16-49-30_000_517,SAM_8589,SPECTRUM,RAW,,,2019-06-16 16:49:30,0,0,,,,,SAM Control,SAM_8589,No Mission,1,0,1,,DLAB_2018-04-12_14-51-44_608_165,DLAB_2018-04-13_12-52-31_209_732,64,-1,0,+INF,0,65535,0,-NAN,$05 $00 Pixel,$03 $05 Intensity counts,$f0 $05 Error counts,$f1 $00 Status,116
130,15416,0,0,1,95A7_2019-06-16_16-49-30_000_517,SAM_8589,SPECTRUM,RAW,,,2019-06-16 16:49:30,0,0,,,,,SAM Control,SAM_8589,No Mission,1,0,1,,DLAB_2018-04-12_14-51-44_608_165,DLAB_2018-04-13_12-52-31_209_732,64,-1,0,+INF,0,65535,0,-NAN,$05 $00 Pixel,$03 $05 Intensity counts,$f0 $05 Error counts,$f1 $00 Status,116
131,15586,0,0,1,95A7_2019-06-16_16-49-30_000_517,SAM_8589,SPECTRUM,RAW,,,2019-06-16 16:49:30,0,0,,,,,SAM Control,SAM_8589,No Mission,1,0,1,,DLAB_2018-04-12_14-51-44_608_165,DLAB_2018-04-13_12-52-31_209_732,64,-1,0,+INF,0,65535,0,-NAN,$05 $00 Pixel,$03 $05 Intensity counts,$f0 $05 Error counts,$f1 $00 Status,116
132,15643,0,0,1,95A7_2019-06-16_16-49-30_000_517,SAM_8589,SPECTRUM,RAW,,,2019-06-16 16:49:30,0,0,,,,,SAM Control,SAM_8589,No Mission,1,0,1,,DLAB_2018-04-12_14-51-44_608_165,DLAB_2018-04-13_12-52-31_209_732,64,-1,0,+INF,0,65535,0,-NAN,$05 $00 Pixel,$03 $05 Intensity counts,$f0 $05 Error counts,$f1 $00 Status,116
133,15524,0,0,1,95A7_2019-06-16_16-49-30_000_517,SAM_8589,SPECTRUM,RAW,,,2019-06-16 16:49:30,0,0,,,,,SAM Control,SAM_8589,No Mission,1,0,1,,DLAB_2018-04-12_14-51-44_608_165,DLAB_2018-04-13_12-52-31_209_732,64,-1,0,+INF,0,65535,0,-NAN,$05 $00 Pixel,$03 $05 Intensity counts,$f0 $05 Error counts,$f1 $00 Status,116
134,15212,0,0,1,95A7_2019-06-16_16-49-30_000_517,SAM_8589,SPECTRUM,RAW,,,2019-06-16 16:49:30,0,0,,,,,SAM Control,SAM_8589,No Mission,1,0,1,,DLAB_2018-04-12_14-51-44_608_165,DLAB_2018-04-13_12-52-31_209_732,64,-1,0,+INF,0,65535,0,-NAN,$05 $00 Pixel,$03 $05 Intensity counts,$f0 $05 Error counts,$f1 $00 Status,116
135,14136,0,0,1,95A7_2019-06-16_16-49-30_000_517,SAM_8589,SPECTRUM,RAW,,,2019-06-16 16:49:30,0,0,,,,,SAM Control,SAM_8589,No Mission,1,0,1,,DLAB_2018-04-12_14-51-44_608_165,DLAB_2018-04-13_12-52-31_209_732,64,-1,0,+INF,0,65535,0,-NAN,$05 $00 Pixel,$03 $05 Intensity counts,$f0 $05 Error counts,$f1 $00 Status,116
136,11630,0,0,1,95A7_2019-06-16_16-49-30_000_517,SAM_8589,SPECTRUM,RAW,,,2019-06-16 16:49:30,0,0,,,,,SAM Control,SAM_8589,No Mission,1,0,1,,DLAB_2018-04-12_14-51-44_608_165,DLAB_2018-04-13_12-52-31_209_732,64,-1,0,+INF,0,65535,0,-NAN,$05 $00 Pixel,$03 $05 Intensity counts,$f0 $05 Error counts,$f1 $00 Status,116
137,9373,0,0,1,95A7_2019-06-16_16-49-30_000_517,SAM_8589,SPECTRUM,RAW,,,2019-06-16 16:49:30,0,0,,,,,SAM Control,SAM_8589,No Mission,1,0,1,,DLAB_2018-04-12_14-51-44_608_165,DLAB_2018-04-13_12-52-31_209_732,64,-1,0,+INF,0,65535,0,-NAN,$05 $00 Pixel,$03 $05 Intensity counts,$f0 $05 Error counts,$f1 $00 Status,116
138,9499,0,0,1,95A7_2019-06-16_16-49-30_000_517,SAM_8589,SPECTRUM,RAW,,,2019-06-16 16:49:30,0,0,,,,,SAM Control,SAM_8589,No Mission,1,0,1,,DLAB_2018-04-12_14-51-44_608_165,DLAB_2018-04-13_12-52-31_209_732,64,-1,0,+INF,0,65535,0,-NAN,$05 $00 Pixel,$03 $05 Intensity counts,$f0 $05 Error counts,$f1 $00 Status,116
139,11201,0,0,1,95A7_2019-06-16_16-49-30_000_517,SAM_8589,SPECTRUM,RAW,,,2019-06-16 16:49:30,0,0,,,,,SAM Control,SAM_8589,No Mission,1,0,1,,DLAB_2018-04-12_14-51-44_608_165,DLAB_2018-04-13_12-52-31_209_732,64,-1,0,+INF,0,65535,0,-NAN,$05 $00 Pixel,$03 $05 Intensity counts,$f0 $05 Error counts,$f1 $00 Status,116
140,12444,0,0,1,95A7_2019-06-16_16-49-30_000_517,SAM_8589,SPECTRUM,RAW,,,2019-06-16 16:49:30,0,0,,,,,SAM Control,SAM_8589,No Mission,1,0,1,,DLAB_2018-04-12_14-51-44_608_165,DLAB_2018-04-13_12-52-31_209_732,64,-1,0,+INF,0,65535,0,-NAN,$05 $00 Pixel,$03 $05 Intensity counts,$f0 $05 Error counts,$f1 $00 Status,116
141,12799,0,0,1,95A7_2019-06-16_16-49-30_000_517,SAM_8589,SPECTRUM,RAW,,,2019-06-16 16:49:30,0,0,,,,,SAM Control,SAM_8589,No Mission,1,0,1,,DLAB_2018-04-12_14-51-44_608_165,DLAB_2018-04-13_12-52-31_209_732,64,-1,0,+INF,0,65535,0,-NAN,$05 $00 Pixel,$03 $05 Intensity counts,$f0 $05 Error counts,$f1 $00 Status,116
142,12713,0,0,1,95A7_2019-06-16_16-49-30_000_517,SAM_8589,SPECTRUM,RAW,,,2019-06-16 16:49:30,0,0,,,,,SAM Control,SAM_8589,No Mission,1,0,1,,DLAB_2018-04-12_14-51-44_608_165,DLAB_2018-04-13_12-52-31_209_732,64,-1,0,+INF,0,65535,0,-NAN,$05 $00 Pixel,$03 $05 Intensity counts,$f0 $05 Error counts,$f1 $00 Status,116
143,12457,0,0,1,95A7_2019-06-16_16-49-30_000_517,SAM_8589,SPECTRUM,RAW,,,2019-06-16 16:49:30,0,0,,,,,SAM Control,SAM_8589,No Mission,1,0,1,,DLAB_2018-04-12_14-51-44_608_165,DLAB_2018-04-13_12-52-31_209_732,64,-1,0,+INF,0,65535,0,-NAN,$05 $00 Pixel,$03 $05 Intensity counts,$f0 $05 Error counts,$f1 $00 Status,116
144,12072,0,0,1,95A7_2019-06-16_16-49-30_000_517,SAM_8589,SPECTRUM,RAW,,,2019-06-16 16:49:30,0,0,,,,,SAM Control,SAM_8589,No Mission,1,0,1,,DLAB_2018-04-12_14-51-44_608_165,DLAB_2018-04-13_12-52-31_209_732,64,-1,0,+INF,0,65535,0,-NAN,$05 $00 Pixel,$03 $05 Intensity counts,$f0 $05 Error counts,$f1 $00 Status,116
145,11586,0,0,1,95A7_2019-06-16_16-49-30_000_517,SAM_8589,SPECTRUM,RAW,,,2019-06-16 16:49:30,0,0,,,,,SAM Control,SAM_8589,No Mission,1,0,1,,DLAB_2018-04-12_14-51-44_608_165,DLAB_2018-04-13_12-52-31_209_732,64,-1,0,+INF,0,65535,0,-NAN,$05 $00 Pixel,$03 $05 Intensity counts,$f0 $05 Error counts,$f1 $00 Status,116
146,11082,0,0,1,95A7_2019-06-16_16-49-30_000_517,SAM_8589,SPECTRUM,RAW,,,2019-06-16 16:49:30,0,0,,,,,SAM Control,SAM_8589,No Mission,1,0,1,,DLAB_2018-04-12_14-51-44_608_165,DLAB_2018-04-13_12-52-31_209_732,64,-1,0,+INF,0,65535,0,-NAN,$05 $00 Pixel,$03 $05 Intensity counts,$f0 $05 Error counts,$f1 $00 Status,116
147,10636,0,0,1,95A7_2019-06-16_16-49-30_000_517,SAM_8589,SPECTRUM,RAW,,,2019-06-16 16:49:30,0,0,,,,,SAM Control,SAM_8589,No Mission,1,0,1,,DLAB_2018-04-12_14-51-44_608_165,DLAB_2018-04-13_12-52-31_209_732,64,-1,0,+INF,0,65535,0,-NAN,$05 $00 Pixel,$03 $05 Intensity counts,$f0 $05 Error counts,$f1 $00 Status,116
148,10206,0,0,1,95A7_2019-06-16_16-49-30_000_517,SAM_8589,SPECTRUM,RAW,,,2019-06-16 16:49:30,0,0,,,,,SAM Control,SAM_8589,No Mission,1,0,1,,DLAB_2018-04-12_14-51-44_608_165,DLAB_2018-04-13_12-52-31_209_732,64,-1,0,+INF,0,65535,0,-NAN,$05 $00 Pixel,$03 $05 Intensity counts,$f0 $05 Error counts,$f1 $00 Status,116
149,9766,0,0,1,95A7_2019-06-16_16-49-30_000_517,SAM_8589,SPECTRUM,RAW,,,2019-06-16 16:49:30,0,0,,,,,SAM Control,SAM_8589,No Mission,1,0,1,,DLAB_2018-04-12_14-51-44_608_165,DLAB_2018-04-13_12-52-31_209_732,64,-1,0,+INF,0,65535,0,-NAN,$05 $00 Pixel,$03 $05 Intensity counts,$f0 $05 Error counts,$f1 $00 Status,116
150,9319,0,0,1,95A7_2019-06-16_16-49-30_000_517,SAM_8589,SPECTRUM,RAW,,,2019-06-16 16:49:30,0,0,,,,,SAM Control,SAM_8589,No Mission,1,0,1,,DLAB_2018-04-12_14-51-44_608_165,DLAB_2018-04-13_12-52-31_209_732,64,-1,0,+INF,0,65535,0,-NAN,$05 $00 Pixel,$03 $05 Intensity counts,$f0 $05 Error counts,$f1 $00 Status,116
151,8763,0,0,1,95A7_2019-06-16_16-49-30_000_517,SAM_8589,SPECTRUM,RAW,,,2019-06-16 16:49:30,0,0,,,,,SAM Control,SAM_8589,No Mission,1,0,1,,DLAB_2018-04-12_14-51-44_608_165,DLAB_2018-04-13_12-52-31_209_732,64,-1,0,+INF,0,65535,0,-NAN,$05 $00 Pixel,$03 $05 Intensity counts,$f0 $05 Error counts,$f1 $00 Status,116
152,7951,0,0,1,95A7_2019-06-16_16-49-30_000_517,SAM_8589,SPECTRUM,RAW,,,2019-06-16 16:49:30,0,0,,,,,SAM Control,SAM_8589,No Mission,1,0,1,,DLAB_2018-04-12_14-51-44_608_165,DLAB_2018-04-13_12-52-31_209_732,64,-1,0,+INF,0,65535,0,-NAN,$05 $00 Pixel,$03 $05 Intensity counts,$f0 $05 Error counts,$f1 $00 Status,116
153,7065,0,0,1,95A7_2019-06-16_16-49-30_000_517,SAM_8589,SPECTRUM,RAW,,,2019-06-16 16:49:30,0,0,,,,,SAM Control,SAM_8589,No Mission,1,0,1,,DLAB_2018-04-12_14-51-44_608_165,DLAB_2018-04-13_12-52-31_209_732,64,-1,0,+INF,0,65535,0,-NAN,$05 $00 Pixel,$03 $05 Intensity counts,$f0 $05 Error counts,$f1 $00 Status,116
154,6439,0,0,1,95A7_2019-06-16_16-49-30_000_517,SAM_8589,SPECTRUM,RAW,,,2019-06-16 16:49:30,0,0,,,,,SAM Control,SAM_8589,No Mission,1,0,1,,DLAB_2018-04-12_14-51-44_608_165,DLAB_2018-04-13_12-52-31_209_732,64,-1,0,+INF,0,65535,0,-NAN,$05 $00 Pixel,$03 $05 Intensity counts,$f0 $05 Error counts,$f1 $00 Status,116
155,6163,0,0,1,95A7_2019-06-16_16-49-30_000_517,SAM_8589,SPECTRUM,RAW,,,2019-06-16 16:49:30,0,0,,,,,SAM Control,SAM_8589,No Mission,1,0,1,,DLAB_2018-04-12_14-51-44_608_165,DLAB_2018-04-13_12-52-31_209_732,64,-1,0,+INF,0,65535,0,-NAN,$05 $00 Pixel,$03 $05 Intensity counts,$f0 $05 Error counts,$f1 $00 Status,116
156,6020,0,0,1,95A7_2019-06-16_16-49-30_000_517,SAM_8589,SPECTRUM,RAW,,,2019-06-16 16:49:30,0,0,,,,,SAM Control,SAM_8589,No Mission,1,0,1,,DLAB_2018-04-12_14-51-44_608_165,DLAB_2018-04-13_12-52-31_209_732,64,-1,0,+INF,0,65535,0,-NAN,$05 $00 Pixel,$03 $05 Intensity counts,$f0 $05 Error counts,$f1 $00 Status,116
157,5899,0,0,1,95A7_2019-06-16_16-49-30_000_517,SAM_8589,SPECTRUM,RAW,,,2019-06-16 16:49:30,0,0,,,,,SAM Control,SAM_8589,No Mission,1,0,1,,DLAB_2018-04-12_14-51-44_608_165,DLAB_2018-04-13_12-52-31_209_732,64,-1,0,+INF,0,65535,0,-NAN,$05 $00 Pixel,$03 $05 Intensity counts,$f0 $05 Error counts,$f1 $00 Status,116
158,5789,0,0,1,95A7_2019-06-16_16-49-30_000_517,SAM_8589,SPECTRUM,RAW,,,2019-06-16 16:49:30,0,0,,,,,SAM Control,SAM_8589,No Mission,1,0,1,,DLAB_2018-04-12_14-51-44_608_165,DLAB_2018-04-13_12-52-31_209_732,64,-1,0,+INF,0,65535,0,-NAN,$05 $00 Pixel,$03 $05 Intensity counts,$f0 $05 Error counts,$f1 $00 Status,116
159,5751,0,0,1,95A7_2019-06-16_16-49-30_000_517,SAM_8589,SPECTRUM,RAW,,,2019-06-16 16:49:30,0,0,,,,,SAM Control,SAM_8589,No Mission,1,0,1,,DLAB_2018-04-12_14-51-44_608_165,DLAB_2018-04-13_12-52-31_209_732,64,-1,0,+INF,0,65535,0,-NAN,$05 $00 Pixel,$03 $05 Intensity counts,$f0 $05 Error counts,$f1 $00 Status,116
160,5738,0,0,1,95A7_2019-06-16_16-49-30_000_517,SAM_8589,SPECTRUM,RAW,,,2019-06-16 16:49:30,0,0,,,,,SAM Control,SAM_8589,No Mission,1,0,1,,DLAB_2018-04-12_14-51-44_608_165,DLAB_2018-04-13_12-52-31_209_732,64,-1,0,+INF,0,65535,0,-NAN,$05 $00 Pixel,$03 $05 Intensity counts,$f0 $05 Error counts,$f1 $00 Status,116
161,5671,0,0,1,95A7_2019-06-16_16-49-30_000_517,SAM_8589,SPECTRUM,RAW,,,2019-06-16 16:49:30,0,0,,,,,SAM Control,SAM_8589,No Mission,1,0,1,,DLAB_2018-04-12_14-51-44_608_165,DLAB_2018-04-13_12-52-31_209_732,64,-1,0,+INF,0,65535,0,-NAN,$05 $00 Pixel,$03 $05 Intensity counts,$f0 $05 Error counts,$f1 $00 Status,116
162,5539,0,0,1,95A7_2019-06-16_16-49-30_000_517,SAM_8589,SPECTRUM,RAW,,,2019-06-16 16:49:30,0,0,,,,,SAM Control,SAM_8589,No Mission,1,0,1,,DLAB_2018-04-12_14-51-44_608_165,DLAB_2018-04-13_12-52-31_209_732,64,-1,0,+INF,0,65535,0,-NAN,$05 $00 Pixel,$03 $05 Intensity counts,$f0 $05 Error counts,$f1 $00 Status,116
163,5321,0,0,1,95A7_2019-06-16_16-49-30_000_517,SAM_8589,SPECTRUM,RAW,,,2019-06-16 16:49:30,0,0,,,,,SAM Control,SAM_8589,No Mission,1,0,1,,DLAB_2018-04-12_14-51-44_608_165,DLAB_2018-04-13_12-52-31_209_732,64,-1,0,+INF,0,65535,0,-NAN,$05 $00 Pixel,$03 $05 Intensity counts,$f0 $05 Error counts,$f1 $00 Status,116
164,5071,0,0,1,95A7_2019-06-16_16-49-30_000_517,SAM_8589,SPECTRUM,RAW,,,2019-06-16 16:49:30,0,0,,,,,SAM Control,SAM_8589,No Mission,1,0,1,,DLAB_2018-04-12_14-51-44_608_165,DLAB_2018-04-13_12-52-31_209_732,64,-1,0,+INF,0,65535,0,-NAN,$05 $00 Pixel,$03 $05 Intensity counts,$f0 $05 Error counts,$f1 $00 Status,116
165,4852,0,0,1,95A7_2019-06-16_16-49-30_000_517,SAM_8589,SPECTRUM,RAW,,,2019-06-16 16:49:30,0,0,,,,,SAM Control,SAM_8589,No Mission,1,0,1,,DLAB_2018-04-12_14-51-44_608_165,DLAB_2018-04-13_12-52-31_209_732,64,-1,0,+INF,0,65535,0,-NAN,$05 $00 Pixel,$03 $05 Intensity counts,$f0 $05 Error counts,$f1 $00 Status,116
166,4717,0,0,1,95A7_2019-06-16_16-49-30_000_517,SAM_8589,SPECTRUM,RAW,,,2019-06-16 16:49:30,0,0,,,,,SAM Control,SAM_8589,No Mission,1,0,1,,DLAB_2018-04-12_14-51-44_608_165,DLAB_2018-04-13_12-52-31_209_732,64,-1,0,+INF,0,65535,0,-NAN,$05 $00 Pixel,$03 $05 Intensity counts,$f0 $05 Error counts,$f1 $00 Status,116
167,4595,0,0,1,95A7_2019-06-16_16-49-30_000_517,SAM_8589,SPECTRUM,RAW,,,2019-06-16 16:49:30,0,0,,,,,SAM Control,SAM_8589,No Mission,1,0,1,,DLAB_2018-04-12_14-51-44_608_165,DLAB_2018-04-13_12-52-31_209_732,64,-1,0,+INF,0,65535,0,-NAN,$05 $00 Pixel,$03 $05 Intensity counts,$f0 $05 Error counts,$f1 $00 Status,116
168,4389,0,0,1,95A7_2019-06-16_16-49-30_000_517,SAM_8589,SPECTRUM,RAW,,,2019-06-16 16:49:30,0,0,,,,,SAM Control,SAM_8589,No Mission,1,0,1,,DLAB_2018-04-12_14-51-44_608_165,DLAB_2018-04-13_12-52-31_209_732,64,-1,0,+INF,0,65535,0,-NAN,$05 $00 Pixel,$03 $05 Intensity counts,$f0 $05 Error counts,$f1 $00 Status,116
169,4194,0,0,1,95A7_2019-06-16_16-49-30_000_517,SAM_8589,SPECTRUM,RAW,,,2019-06-16 16:49:30,0,0,,,,,SAM Control,SAM_8589,No Mission,1,0,1,,DLAB_2018-04-12_14-51-44_608_165,DLAB_2018-04-13_12-52-31_209_732,64,-1,0,+INF,0,65535,0,-NAN,$05 $00 Pixel,$03 $05 Intensity counts,$f0 $05 Error counts,$f1 $00 Status,116
170,4058,0,0,1,95A7_2019-06-16_16-49-30_000_517,SAM_8589,SPECTRUM,RAW,,,2019-06-16 16:49:30,0,0,,,,,SAM Control,SAM_8589,No Mission,1,0,1,,DLAB_2018-04-12_14-51-44_608_165,DLAB_2018-04-13_12-52-31_209_732,64,-1,0,+INF,0,65535,0,-NAN,$05 $00 Pixel,$03 $05 Intensity counts,$f0 $05 Error counts,$f1 $00 Status,116
171,3916,0,0,1,95A7_2019-06-16_16-49-30_000_517,SAM_8589,SPECTRUM,RAW,,,2019-06-16 16:49:30,0,0,,,,,SAM Control,SAM_8589,No Mission,1,0,1,,DLAB_2018-04-12_14-51-44_608_165,DLAB_2018-04-13_12-52-31_209_732,64,-1,0,+INF,0,65535,0,-NAN,$05 $00 Pixel,$03 $05 Intensity counts,$f0 $05 Error counts,$f1 $00 Status,116
172,3767,0,0,1,95A7_2019-06-16_16-49-30_000_517,SAM_8589,SPECTRUM,RAW,,,2019-06-16 16:49:30,0,0,,,,,SAM Control,SAM_8589,No Mission,1,0,1,,DLAB_2018-04-12_14-51-44_608_165,DLAB_2018-04-13_12-52-31_209_732,64,-1,0,+INF,0,65535,0,-NAN,$05 $00 Pixel,$03 $05 Intensity counts,$f0 $05 Error counts,$f1 $00 Status,116
173,3626,0,0,1,95A7_2019-06-16_16-49-30_000_517,SAM_8589,SPECTRUM,RAW,,,2019-06-16 16:49:30,0,0,,,,,SAM Control,SAM_8589,No Mission,1,0,1,,DLAB_2018-04-12_14-51-44_608_165,DLAB_2018-04-13_12-52-31_209_732,64,-1,0,+INF,0,65535,0,-NAN,$05 $00 Pixel,$03 $05 Intensity counts,$f0 $05 Error counts,$f1 $00 Status,116
174,3488,0,0,1,95A7_2019-06-16_16-49-30_000_517,SAM_8589,SPECTRUM,RAW,,,2019-06-16 16:49:30,0,0,,,,,SAM Control,SAM_8589,No Mission,1,0,1,,DLAB_2018-04-12_14-51-44_608_165,DLAB_2018-04-13_12-52-31_209_732,64,-1,0,+INF,0,65535,0,-NAN,$05 $00 Pixel,$03 $05 Intensity counts,$f0 $05 Error counts,$f1 $00 Status,116
175,3356,0,0,1,95A7_2019-06-16_16-49-30_000_517,SAM_8589,SPECTRUM,RAW,,,2019-06-16 16:49:30,0,0,,,,,SAM Control,SAM_8589,No Mission,1,0,1,,DLAB_2018-04-12_14-51-44_608_165,DLAB_2018-04-13_12-52-31_209_732,64,-1,0,+INF,0,65535,0,-NAN,$05 $00 Pixel,$03 $05 Intensity counts,$f0 $05 Error counts,$f1 $00 Status,116
176,3181,0,0,1,95A7_2019-06-16_16-49-30_000_517,SAM_8589,SPECTRUM,RAW,,,2019-06-16 16:49:30,0,0,,,,,SAM Control,SAM_8589,No Mission,1,0,1,,DLAB_2018-04-12_14-51-44_608_165,DLAB_2018-04-13_12-52-31_209_732,64,-1,0,+INF,0,65535,0,-NAN,$05 $00 Pixel,$03 $05 Intensity counts,$f0 $05 Error counts,$f1 $00 Status,116
177,2926,0,0,1,95A7_2019-06-16_16-49-30_000_517,SAM_8589,SPECTRUM,RAW,,,2019-06-16 16:49:30,0,0,,,,,SAM Control,SAM_8589,No Mission,1,0,1,,DLAB_2018-04-12_14-51-44_608_165,DLAB_2018-04-13_12-52-31_209_732,64,-1,0,+INF,0,65535,0,-NAN,$05 $00 Pixel,$03 $05 Intensity counts,$f0 $05 Error counts,$f1 $00 Status,116
178,2653,0,0,1,95A7_2019-06-16_16-49-30_000_517,SAM_8589,SPECTRUM,RAW,,,2019-06-16 16:49:30,0,0,,,,,SAM Control,SAM_8589,No Mission,1,0,1,,DLAB_2018-04-12_14-51-44_608_165,DLAB_2018-04-13_12-52-31_209_732,64,-1,0,+INF,0,65535,0,-NAN,$05 $00 Pixel,$03 $05 Intensity counts,$f0 $05 Error counts,$f1 $00 Status,116
179,2483,0,0,1,95A7_2019-06-16_16-49-30_000_517,SAM_8589,SPECTRUM,RAW,,,2019-06-16 16:49:30,0,0,,,,,SAM Control,SAM_8589,No Mission,1,0,1,,DLAB_2018-04-12_14-51-44_608_165,DLAB_2018-04-13_12-52-31_209_732,64,-1,0,+INF,0,65535,0,-NAN,$05 $00 Pixel,$03 $05 Intensity counts,$f0 $05 Error counts,$f1 $00 Status,116
180,2412,0,0,1,95A7_2019-06-16_16-49-30_000_517,SAM_8589,SPECTRUM,RAW,,,2019-06-16 16:49:30,0,0,,,,,SAM Control,SAM_8589,No Mission,1,0,1,,DLAB_2018-04-12_14-51-44_608_165,DLAB_2018-04-13_12-52-31_209_732,64,-1,0,+INF,0,65535,0,-NAN,$05 $00 Pixel,$03 $05 Intensity counts,$f0 $05 Error counts,$f1 $00 Status,116
181,2345,0,0,1,95A7_2019-06-16_16-49-30_000_517,SAM_8589,SPECTRUM,RAW,,,2019-06-16 16:49:30,0,0,,,,,SAM Control,SAM_8589,No Mission,1,0,1,,DLAB_2018-04-12_14-51-44_608_165,DLAB_2018-04-13_12-52-31_209_732,64,-1,0,+INF,0,65535,0,-NAN,$05 $00 Pixel,$03 $05 Intensity counts,$f0 $05 Error counts,$f1 $00 Status,116
182,2230,0,0,1,95A7_2019-06-16_16-49-30_000_517,SAM_8589,SPECTRUM,RAW,,,2019-06-16 16:49:30,0,0,,,,,SAM Control,SAM_8589,No Mission,1,0,1,,DLAB_2018-04-12_14-51-44_608_165,DLAB_2018-04-13_12-52-31_209_732,64,-1,0,+INF,0,65535,0,-NAN,$05 $00 Pixel,$03 $05 Intensity counts,$f0 $05 Error counts,$f1 $00 Status,116
183,2142,0,0,1,95A7_2019-06-16_16-49-30_000_517,SAM_8589,SPECTRUM,RAW,,,2019-06-16 16:49:30,0,0,,,,,SAM Control,SAM_8589,No Mission,1,0,1,,DLAB_2018-04-12_14-51-44_608_165,DLAB_2018-04-13_12-52-31_209_732,64,-1,0,+INF,0,65535,0,-NAN,$05 $00 Pixel,$03 $05 Intensity counts,$f0 $05 Error counts,$f1 $00 Status,116
184,2112,0,0,1,95A7_2019-06-16_16-49-30_000_517,SAM_8589,SPECTRUM,RAW,,,2019-06-16 16:49:30,0,0,,,,,SAM Control,SAM_8589,No Mission,1,0,1,,DLAB_2018-04-12_14-51-44_608_165,DLAB_2018-04-13_12-52-31_209_732,64,-1,0,+INF,0,65535,0,-NAN,$05 $00 Pixel,$03 $05 Intensity counts,$f0 $05 Error counts,$f1 $00 Status,116
185,2105,0,0,1,95A7_2019-06-16_16-49-30_000_517,SAM_8589,SPECTRUM,RAW,,,2019-06-16 16:49:30,0,0,,,,,SAM Control,SAM_8589,No Mission,1,0,1,,DLAB_2018-04-12_14-51-44_608_165,DLAB_2018-04-13_12-52-31_209_732,64,-1,0,+INF,0,65535,0,-NAN,$05 $00 Pixel,$03 $05 Intensity counts,$f0 $05 Error counts,$f1 $00 Status,116
186,2070,0,0,1,95A7_2019-06-16_16-49-30_000_517,SAM_8589,SPECTRUM,RAW,,,2019-06-16 16:49:30,0,0,,,,,SAM Control,SAM_8589,No Mission,1,0,1,,DLAB_2018-04-12_14-51-44_608_165,DLAB_2018-04-13_12-52-31_209_732,64,-1,0,+INF,0,65535,0,-NAN,$05 $00 Pixel,$03 $05 Intensity counts,$f0 $05 Error counts,$f1 $00 Status,116
187,1916,0,0,1,95A7_2019-06-16_16-49-30_000_517,SAM_8589,SPECTRUM,RAW,,,2019-06-16 16:49:30,0,0,,,,,SAM Control,SAM_8589,No Mission,1,0,1,,DLAB_2018-04-12_14-51-44_608_165,DLAB_2018-04-13_12-52-31_209_732,64,-1,0,+INF,0,65535,0,-NAN,$05 $00 Pixel,$03 $05 Intensity counts,$f0 $05 Error counts,$f1 $00 Status,116
188,1669,0,0,1,95A7_2019-06-16_16-49-30_000_517,SAM_8589,SPECTRUM,RAW,,,2019-06-16 16:49:30,0,0,,,,,SAM Control,SAM_8589,No Mission,1,0,1,,DLAB_2018-04-12_14-51-44_608_165,DLAB_2018-04-13_12-52-31_209_732,64,-1,0,+INF,0,65535,0,-NAN,$05 $00 Pixel,$03 $05 Intensity counts,$f0 $05 Error counts,$f1 $00 Status,116
189,1437,0,0,1,95A7_2019-06-16_16-49-30_000_517,SAM_8589,SPECTRUM,RAW,,,2019-06-16 16:49:30,0,0,,,,,SAM Control,SAM_8589,No Mission,1,0,1,,DLAB_2018-04-12_14-51-44_608_165,DLAB_2018-04-13_12-52-31_209_732,64,-1,0,+INF,0,65535,0,-NAN,$05 $00 Pixel,$03 $05 Intensity counts,$f0 $05 Error counts,$f1 $00 Status,116
190,1337,0,0,1,95A7_2019-06-16_16-49-30_000_517,SAM_8589,SPECTRUM,RAW,,,2019-06-16 16:49:30,0,0,,,,,SAM Control,SAM_8589,No Mission,1,0,1,,DLAB_2018-04-12_14-51-44_608_165,DLAB_2018-04-13_12-52-31_209_732,64,-1,0,+INF,0,65535,0,-NAN,$05 $00 Pixel,$03 $05 Intensity counts,$f0 $05 Error counts,$f1 $00 Status,116
191,1332,0,0,1,95A7_2019-06-16_16-49-30_000_517,SAM_8589,SPECTRUM,RAW,,,2019-06-16 16:49:30,0,0,,,,,SAM Control,SAM_8589,No Mission,1,0,1,,DLAB_2018-04-12_14-51-44_608_165,DLAB_2018-04-13_12-52-31_209_732,64,-1,0,+INF,0,65535,0,-NAN,$05 $00 Pixel,$03 $05 Intensity counts,$f0 $05 Error counts,$f1 $00 Status,116
192,1322,0,0,1,95A7_2019-06-16_16-49-30_000_517,SAM_8589,SPECTRUM,RAW,,,2019-06-16 16:49:30,0,0,,,,,SAM Control,SAM_8589,No Mission,1,0,1,,DLAB_2018-04-12_14-51-44_608_165,DLAB_2018-04-13_12-52-31_209_732,64,-1,0,+INF,0,65535,0,-NAN,$05 $00 Pixel,$03 $05 Intensity counts,$f0 $05 Error counts,$f1 $00 Status,116
193,1305,0,0,1,95A7_2019-06-16_16-49-30_000_517,SAM_8589,SPECTRUM,RAW,,,2019-06-16 16:49:30,0,0,,,,,SAM Control,SAM_8589,No Mission,1,0,1,,DLAB_2018-04-12_14-51-44_608_165,DLAB_2018-04-13_12-52-31_209_732,64,-1,0,+INF,0,65535,0,-NAN,$05 $00 Pixel,$03 $05 Intensity counts,$f0 $05 Error counts,$f1 $00 Status,116
194,1297,0,0,1,95A7_2019-06-16_16-49-30_000_517,SAM_8589,SPECTRUM,RAW,,,2019-06-16 16:49:30,0,0,,,,,SAM Control,SAM_8589,No Mission,1,0,1,,DLAB_2018-04-12_14-51-44_608_165,DLAB_2018-04-13_12-52-31_209_732,64,-1,0,+INF,0,65535,0,-NAN,$05 $00 Pixel,$03 $05 Intensity counts,$f0 $05 Error counts,$f1 $00 Status,116
195,1294,0,0,1,95A7_2019-06-16_16-49-30_000_517,SAM_8589,SPECTRUM,RAW,,,2019-06-16 16:49:30,0,0,,,,,SAM Control,SAM_8589,No Mission,1,0,1,,DLAB_2018-04-12_14-51-44_608_165,DLAB_2018-04-13_12-52-31_209_732,64,-1,0,+INF,0,65535,0,-NAN,$05 $00 Pixel,$03 $05 Intensity counts,$f0 $05 Error counts,$f1 $00 Status,116
196,1296,0,0,1,95A7_2019-06-16_16-49-30_000_517,SAM_8589,SPECTRUM,RAW,,,2019-06-16 16:49:30,0,0,,,,,SAM Control,SAM_8589,No Mission,1,0,1,,DLAB_2018-04-12_14-51-44_608_165,DLAB_2018-04-13_12-52-31_209_732,64,-1,0,+INF,0,65535,0,-NAN,$05 $00 Pixel,$03 $05 Intensity counts,$f0 $05 Error counts,$f1 $00 Status,116
197,1308,0,0,1,95A7_2019-06-16_16-49-30_000_517,SAM_8589,SPECTRUM,RAW,,,2019-06-16 16:49:30,0,0,,,,,SAM Control,SAM_8589,No Mission,1,0,1,,DLAB_2018-04-12_14-51-44_608_165,DLAB_2018-04-13_12-52-31_209_732,64,-1,0,+INF,0,65535,0,-NAN,$05 $00 Pixel,$03 $05 Intensity counts,$f0 $05 Error counts,$f1 $00 Status,116
198,1336,0,0,1,95A7_2019-06-16_16-49-30_000_517,SAM_8589,SPECTRUM,RAW,,,2019-06-16 16:49:30,0,0,,,,,SAM Control,SAM_8589,No Mission,1,0,1,,DLAB_2018-04-12_14-51-44_608_165,DLAB_2018-04-13_12-52-31_209_732,64,-1,0,+INF,0,65535,0,-NAN,$05 $00 Pixel,$03 $05 Intensity counts,$f0 $05 Error counts,$f1 $00 Status,116
199,1365,0,0,1,95A7_2019-06-16_16-49-30_000_517,SAM_8589,SPECTRUM,RAW,,,2019-06-16 16:49:30,0,0,,,,,SAM Control,SAM_8589,No Mission,1,0,1,,DLAB_2018-04-12_14-51-44_608_165,DLAB_2018-04-13_12-52-31_209_732,64,-1,0,+INF,0,65535,0,-NAN,$05 $00 Pixel,$03 $05 Intensity counts,$f0 $05 Error counts,$f1 $00 Status,116
200,1396,0,0,1,95A7_2019-06-16_16-49-30_000_517,SAM_8589,SPECTRUM,RAW,,,2019-06-16 16:49:30,0,0,,,,,SAM Control,SAM_8589,No Mission,1,0,1,,DLAB_2018-04-12_14-51-44_608_165,DLAB_2018-04-13_12-52-31_209_732,64,-1,0,+INF,0,65535,0,-NAN,$05 $00 Pixel,$03 $05 Intensity counts,$f0 $05 Error counts,$f1 $00 Status,116
201,1401,0,0,1,95A7_2019-06-16_16-49-30_000_517,SAM_8589,SPECTRUM,RAW,,,2019-06-16 16:49:30,0,0,,,,,SAM Control,SAM_8589,No Mission,1,0,1,,DLAB_2018-04-12_14-51-44_608_165,DLAB_2018-04-13_12-52-31_209_732,64,-1,0,+INF,0,65535,0,-NAN,$05 $00 Pixel,$03 $05 Intensity counts,$f0 $05 Error counts,$f1 $00 Status,116
202,1396,0,0,1,95A7_2019-06-16_16-49-30_000_517,SAM_8589,SPECTRUM,RAW,,,2019-06-16 16:49:30,0,0,,,,,SAM Control,SAM_8589,No Mission,1,0,1,,DLAB_2018-04-12_14-51-44_608_165,DLAB_2018-04-13_12-52-31_209_732,64,-1,0,+INF,0,65535,0,-NAN,$05 $00 Pixel,$03 $05 Intensity counts,$f0 $05 Error counts,$f1 $00 Status,116
203,1384,0,0,1,95A7_2019-06-16_16-49-30_000_517,SAM_8589,SPECTRUM,RAW,,,2019-06-16 16:49:30,0,0,,,,,SAM Control,SAM_8589,No Mission,1,0,1,,DLAB_2018-04-12_14-51-44_608_165,DLAB_2018-04-13_12-52-31_209_732,64,-1,0,+INF,0,65535,0,-NAN,$05 $00 Pixel,$03 $05 Intensity counts,$f0 $05 Error counts,$f1 $00 Status,116
204,1390,0,0,1,95A7_2019-06-16_16-49-30_000_517,SAM_8589,SPECTRUM,RAW,,,2019-06-16 16:49:30,0,0,,,,,SAM Control,SAM_8589,No Mission,1,0,1,,DLAB_2018-04-12_14-51-44_608_165,DLAB_2018-04-13_12-52-31_209_732,64,-1,0,+INF,0,65535,0,-NAN,$05 $00 Pixel,$03 $05 Intensity counts,$f0 $05 Error counts,$f1 $00 Status,116
205,1393,0,0,1,95A7_2019-06-16_16-49-30_000_517,SAM_8589,SPECTRUM,RAW,,,2019-06-16 16:49:30,0,0,,,,,SAM Control,SAM_8589,No Mission,1,0,1,,DLAB_2018-04-12_14-51-44_608_165,DLAB_2018-04-13_12-52-31_209_732,64,-1,0,+INF,0,65535,0,-NAN,$05 $00 Pixel,$03 $05 Intensity counts,$f0 $05 Error counts,$f1 $00 Status,116
206,1385,0,0,1,95A7_2019-06-16_16-49-30_000_517,SAM_8589,SPECTRUM,RAW,,,2019-06-16 16:49:30,0,0,,,,,SAM Control,SAM_8589,No Mission,1,0,1,,DLAB_2018-04-12_14-51-44_608_165,DLAB_2018-04-13_12-52-31_209_732,64,-1,0,+INF,0,65535,0,-NAN,$05 $00 Pixel,$03 $05 Intensity counts,$f0 $05 Error counts,$f1 $00 Status,116
207,1374,0,0,1,95A7_2019-06-16_16-49-30_000_517,SAM_8589,SPECTRUM,RAW,,,2019-06-16 16:49:30,0,0,,,,,SAM Control,SAM_8589,No Mission,1,0,1,,DLAB_2018-04-12_14-51-44_608_165,DLAB_2018-04-13_12-52-31_209_732,64,-1,0,+INF,0,65535,0,-NAN,$05 $00 Pixel,$03 $05 Intensity counts,$f0 $05 Error counts,$f1 $00 Status,116
208,1357,0,0,1,95A7_2019-06-16_16-49-30_000_517,SAM_8589,SPECTRUM,RAW,,,2019-06-16 16:49:30,0,0,,,,,SAM Control,SAM_8589,No Mission,1,0,1,,DLAB_2018-04-12_14-51-44_608_165,DLAB_2018-04-13_12-52-31_209_732,64,-1,0,+INF,0,65535,0,-NAN,$05 $00 Pixel,$03 $05 Intensity counts,$f0 $05 Error counts,$f1 $00 Status,116
209,1339,0,0,1,95A7_2019-06-16_16-49-30_000_517,SAM_8589,SPECTRUM,RAW,,,2019-06-16 16:49:30,0,0,,,,,SAM Control,SAM_8589,No Mission,1,0,1,,DLAB_2018-04-12_14-51-44_608_165,DLAB_2018-04-13_12-52-31_209_732,64,-1,0,+INF,0,65535,0,-NAN,$05 $00 Pixel,$03 $05 Intensity counts,$f0 $05 Error counts,$f1 $00 Status,116
210,1314,0,0,1,95A7_2019-06-16_16-49-30_000_517,SAM_8589,SPECTRUM,RAW,,,2019-06-16 16:49:30,0,0,,,,,SAM Control,SAM_8589,No Mission,1,0,1,,DLAB_2018-04-12_14-51-44_608_165,DLAB_2018-04-13_12-52-31_209_732,64,-1,0,+INF,0,65535,0,-NAN,$05 $00 Pixel,$03 $05 Intensity counts,$f0 $05 Error counts,$f1 $00 Status,116
211,1284,0,0,1,95A7_2019-06-16_16-49-30_000_517,SAM_8589,SPECTRUM,RAW,,,2019-06-16 16:49:30,0,0,,,,,SAM Control,SAM_8589,No Mission,1,0,1,,DLAB_2018-04-12_14-51-44_608_165,DLAB_2018-04-13_12-52-31_209_732,64,-1,0,+INF,0,65535,0,-NAN,$05 $00 Pixel,$03 $05 Intensity counts,$f0 $05 Error counts,$f1 $00 Status,116
212,1257,0,0,1,95A7_2019-06-16_16-49-30_000_517,SAM_8589,SPECTRUM,RAW,,,2019-06-16 16:49:30,0,0,,,,,SAM Control,SAM_8589,No Mission,1,0,1,,DLAB_2018-04-12_14-51-44_608_165,DLAB_2018-04-13_12-52-31_209_732,64,-1,0,+INF,0,65535,0,-NAN,$05 $00 Pixel,$03 $05 Intensity counts,$f0 $05 Error counts,$f1 $00 Status,116
213,1247,0,0,1,95A7_2019-06-16_16-49-30_000_517,SAM_8589,SPECTRUM,RAW,,,2019-06-16 16:49:30,0,0,,,,,SAM Control,SAM_8589,No Mission,1,0,1,,DLAB_2018-04-12_14-51-44_608_165,DLAB_2018-04-13_12-52-31_209_732,64,-1,0,+INF,0,65535,0,-NAN,$05 $00 Pixel,$03 $05 Intensity counts,$f0 $05 Error counts,$f1 $00 Status,116
214,1217,0,0,1,95A7_2019-06-16_16-49-30_000_517,SAM_8589,SPECTRUM,RAW,,,2019-06-16 16:49:30,0,0,,,,,SAM Control,SAM_8589,No Mission,1,0,1,,DLAB_2018-04-12_14-51-44_608_165,DLAB_2018-04-13_12-52-31_209_732,64,-1,0,+INF,0,65535,0,-NAN,$05 $00 Pixel,$03 $05 Intensity counts,$f0 $05 Error counts,$f1 $00 Status,116
215,1196,0,0,1,95A7_2019-06-16_16-49-30_000_517,SAM_8589,SPECTRUM,RAW,,,2019-06-16 16:49:30,0,0,,,,,SAM Control,SAM_8589,No Mission,1,0,1,,DLAB_2018-04-12_14-51-44_608_165,DLAB_2018-04-13_12-52-31_209_732,64,-1,0,+INF,0,65535,0,-NAN,$05 $00 Pixel,$03 $05 Intensity counts,$f0 $05 Error counts,$f1 $00 Status,116
216,1170,0,0,1,95A7_2019-06-16_16-49-30_000_517,SAM_8589,SPECTRUM,RAW,,,2019-06-16 16:49:30,0,0,,,,,SAM Control,SAM_8589,No Mission,1,0,1,,DLAB_2018-04-12_14-51-44_608_165,DLAB_2018-04-13_12-52-31_209_732,64,-1,0,+INF,0,65535,0,-NAN,$05 $00 Pixel,$03 $05 Intensity counts,$f0 $05 Error counts,$f1 $00 Status,116
217,1147,0,0,1,95A7_2019-06-16_16-49-30_000_517,SAM_8589,SPECTRUM,RAW,,,2019-06-16 16:49:30,0,0,,,,,SAM Control,SAM_8589,No Mission,1,0,1,,DLAB_2018-04-12_14-51-44_608_165,DLAB_2018-04-13_12-52-31_209_732,64,-1,0,+INF,0,65535,0,-NAN,$05 $00 Pixel,$03 $05 Intensity counts,$f0 $05 Error counts,$f1 $00 Status,116
218,1120,0,0,1,95A7_2019-06-16_16-49-30_000_517,SAM_8589,SPECTRUM,RAW,,,2019-06-16 16:49:30,0,0,,,,,SAM Control,SAM_8589,No Mission,1,0,1,,DLAB_2018-04-12_14-51-44_608_165,DLAB_2018-04-13_12-52-31_209_732,64,-1,0,+INF,0,65535,0,-NAN,$05 $00 Pixel,$03 $05 Intensity counts,$f0 $05 Error counts,$f1 $00 Status,116
219,1094,0,0,1,95A7_2019-06-16_16-49-30_000_517,SAM_8589,SPECTRUM,RAW,,,2019-06-16 16:49:30,0,0,,,,,SAM Control,SAM_8589,No Mission,1,0,1,,DLAB_2018-04-12_14-51-44_608_165,DLAB_2018-04-13_12-52-31_209_732,64,-1,0,+INF,0,65535,0,-NAN,$05 $00 Pixel,$03 $05 Intensity counts,$f0 $05 Error counts,$f1 $00 Status,116
220,1076,0,0,1,95A7_2019-06-16_16-49-30_000_517,SAM_8589,SPECTRUM,RAW,,,2019-06-16 16:49:30,0,0,,,,,SAM Control,SAM_8589,No Mission,1,0,1,,DLAB_2018-04-12_14-51-44_608_165,DLAB_2018-04-13_12-52-31_209_732,64,-1,0,+INF,0,65535,0,-NAN,$05 $00 Pixel,$03 $05 Intensity counts,$f0 $05 Error counts,$f1 $00 Status,116
221,1060,0,0,1,95A7_2019-06-16_16-49-30_000_517,SAM_8589,SPECTRUM,RAW,,,2019-06-16 16:49:30,0,0,,,,,SAM Control,SAM_8589,No Mission,1,0,1,,DLAB_2018-04-12_14-51-44_608_165,DLAB_2018-04-13_12-52-31_209_732,64,-1,0,+INF,0,65535,0,-NAN,$05 $00 Pixel,$03 $05 Intensity counts,$f0 $05 Error counts,$f1 $00 Status,116
222,1044,0,0,1,95A7_2019-06-16_16-49-30_000_517,SAM_8589,SPECTRUM,RAW,,,2019-06-16 16:49:30,0,0,,,,,SAM Control,SAM_8589,No Mission,1,0,1,,DLAB_2018-04-12_14-51-44_608_165,DLAB_2018-04-13_12-52-31_209_732,64,-1,0,+INF,0,65535,0,-NAN,$05 $00 Pixel,$03 $05 Intensity counts,$f0 $05 Error counts,$f1 $00 Status,116
223,1027,0,0,1,95A7_2019-06-16_16-49-30_000_517,SAM_8589,SPECTRUM,RAW,,,2019-06-16 16:49:30,0,0,,,,,SAM Control,SAM_8589,No Mission,1,0,1,,DLAB_2018-04-12_14-51-44_608_165,DLAB_2018-04-13_12-52-31_209_732,64,-1,0,+INF,0,65535,0,-NAN,$05 $00 Pixel,$03 $05 Intensity counts,$f0 $05 Error counts,$f1 $00 Status,116
224,1020,0,0,1,95A7_2019-06-16_16-49-30_000_517,SAM_8589,SPECTRUM,RAW,,,2019-06-16 16:49:30,0,0,,,,,SAM Control,SAM_8589,No Mission,1,0,1,,DLAB_2018-04-12_14-51-44_608_165,DLAB_2018-04-13_12-52-31_209_732,64,-1,0,+INF,0,65535,0,-NAN,$05 $00 Pixel,$03 $05 Intensity counts,$f0 $05 Error counts,$f1 $00 Status,116
225,1012,0,0,1,95A7_2019-06-16_16-49-30_000_517,SAM_8589,SPECTRUM,RAW,,,2019-06-16 16:49:30,0,0,,,,,SAM Control,SAM_8589,No Mission,1,0,1,,DLAB_2018-04-12_14-51-44_608_165,DLAB_2018-04-13_12-52-31_209_732,64,-1,0,+INF,0,65535,0,-NAN,$05 $00 Pixel,$03 $05 Intensity counts,$f0 $05 Error counts,$f1 $00 Status,116
226,1003,0,0,1,95A7_2019-06-16_16-49-30_000_517,SAM_8589,SPECTRUM,RAW,,,2019-06-16 16:49:30,0,0,,,,,SAM Control,SAM_8589,No Mission,1,0,1,,DLAB_2018-04-12_14-51-44_608_165,DLAB_2018-04-13_12-52-31_209_732,64,-1,0,+INF,0,65535,0,-NAN,$05 $00 Pixel,$03 $05 Intensity counts,$f0 $05 Error counts,$f1 $00 Status,116
227,993,0,0,1,95A7_2019-06-16_16-49-30_000_517,SAM_8589,SPECTRUM,RAW,,,2019-06-16 16:49:30,0,0,,,,,SAM Control,SAM_8589,No Mission,1,0,1,,DLAB_2018-04-12_14-51-44_608_165,DLAB_2018-04-13_12-52-31_209_732,64,-1,0,+INF,0,65535,0,-NAN,$05 $00 Pixel,$03 $05 Intensity counts,$f0 $05 Error counts,$f1 $00 Status,116
228,990,0,0,1,95A7_2019-06-16_16-49-30_000_517,SAM_8589,SPECTRUM,RAW,,,2019-06-16 16:49:30,0,0,,,,,SAM Control,SAM_8589,No Mission,1,0,1,,DLAB_2018-04-12_14-51-44_608_165,DLAB_2018-04-13_12-52-31_209_732,64,-1,0,+INF,0,65535,0,-NAN,$05 $00 Pixel,$03 $05 Intensity counts,$f0 $05 Error counts,$f1 $00 Status,116
229,982,0,0,1,95A7_2019-06-16_16-49-30_000_517,SAM_8589,SPECTRUM,RAW,,,2019-06-16 16:49:30,0,0,,,,,SAM Control,SAM_8589,No Mission,1,0,1,,DLAB_2018-04-12_14-51-44_608_165,DLAB_2018-04-13_12-52-31_209_732,64,-1,0,+INF,0,65535,0,-NAN,$05 $00 Pixel,$03 $05 Intensity counts,$f0 $05 Error counts,$f1 $00 Status,116
230,988,0,0,1,95A7_2019-06-16_16-49-30_000_517,SAM_8589,SPECTRUM,RAW,,,2019-06-16 16:49:30,0,0,,,,,SAM Control,SAM_8589,No Mission,1,0,1,,DLAB_2018-04-12_14-51-44_608_165,DLAB_2018-04-13_12-52-31_209_732,64,-1,0,+INF,0,65535,0,-NAN,$05 $00 Pixel,$03 $05 Intensity counts,$f0 $05 Error counts,$f1 $00 Status,116
231,978,0,0,1,95A7_2019-06-16_16-49-30_000_517,SAM_8589,SPECTRUM,RAW,,,2019-06-16 16:49:30,0,0,,,,,SAM Control,SAM_8589,No Mission,1,0,1,,DLAB_2018-04-12_14-51-44_608_165,DLAB_2018-04-13_12-52-31_209_732,64,-1,0,+INF,0,65535,0,-NAN,$05 $00 Pixel,$03 $05 Intensity counts,$f0 $05 Error counts,$f1 $00 Status,116
232,979,0,0,1,95A7_2019-06-16_16-49-30_000_517,SAM_8589,SPECTRUM,RAW,,,2019-06-16 16:49:30,0,0,,,,,SAM Control,SAM_8589,No Mission,1,0,1,,DLAB_2018-04-12_14-51-44_608_165,DLAB_2018-04-13_12-52-31_209_732,64,-1,0,+INF,0,65535,0,-NAN,$05 $00 Pixel,$03 $05 Intensity counts,$f0 $05 Error counts,$f1 $00 Status,116
233,981,0,0,1,95A7_2019-06-16_16-49-30_000_517,SAM_8589,SPECTRUM,RAW,,,2019-06-16 16:49:30,0,0,,,,,SAM Control,SAM_8589,No Mission,1,0,1,,DLAB_2018-04-12_14-51-44_608_165,DLAB_2018-04-13_12-52-31_209_732,64,-1,0,+INF,0,65535,0,-NAN,$05 $00 Pixel,$03 $05 Intensity counts,$f0 $05 Error counts,$f1 $00 Status,116
234,979,0,0,1,95A7_2019-06-16_16-49-30_000_517,SAM_8589,SPECTRUM,RAW,,,2019-06-16 16:49:30,0,0,,,,,SAM Control,SAM_8589,No Mission,1,0,1,,DLAB_2018-04-12_14-51-44_608_165,DLAB_2018-04-13_12-52-31_209_732,64,-1,0,+INF,0,65535,0,-NAN,$05 $00 Pixel,$03 $05 Intensity counts,$f0 $05 Error counts,$f1 $00 Status,116
235,979,0,0,1,95A7_2019-06-16_16-49-30_000_517,SAM_8589,SPECTRUM,RAW,,,2019-06-16 16:49:30,0,0,,,,,SAM Control,SAM_8589,No Mission,1,0,1,,DLAB_2018-04-12_14-51-44_608_165,DLAB_2018-04-13_12-52-31_209_732,64,-1,0,+INF,0,65535,0,-NAN,$05 $00 Pixel,$03 $05 Intensity counts,$f0 $05 Error counts,$f1 $00 Status,116
236,977,0,0,1,95A7_2019-06-16_16-49-30_000_517,SAM_8589,SPECTRUM,RAW,,,2019-06-16 16:49:30,0,0,,,,,SAM Control,SAM_8589,No Mission,1,0,1,,DLAB_2018-04-12_14-51-44_608_165,DLAB_2018-04-13_12-52-31_209_732,64,-1,0,+INF,0,65535,0,-NAN,$05 $00 Pixel,$03 $05 Intensity counts,$f0 $05 Error counts,$f1 $00 Status,116
237,976,0,0,1,95A7_2019-06-16_16-49-30_000_517,SAM_8589,SPECTRUM,RAW,,,2019-06-16 16:49:30,0,0,,,,,SAM Control,SAM_8589,No Mission,1,0,1,,DLAB_2018-04-12_14-51-44_608_165,DLAB_2018-04-13_12-52-31_209_732,64,-1,0,+INF,0,65535,0,-NAN,$05 $00 Pixel,$03 $05 Intensity counts,$f0 $05 Error counts,$f1 $00 Status,116
238,978,0,0,1,95A7_2019-06-16_16-49-30_000_517,SAM_8589,SPECTRUM,RAW,,,2019-06-16 16:49:30,0,0,,,,,SAM Control,SAM_8589,No Mission,1,0,1,,DLAB_2018-04-12_14-51-44_608_165,DLAB_2018-04-13_12-52-31_209_732,64,-1,0,+INF,0,65535,0,-NAN,$05 $00 Pixel,$03 $05 Intensity counts,$f0 $05 Error counts,$f1 $00 Status,116
239,978,0,0,1,95A7_2019-06-16_16-49-30_000_517,SAM_8589,SPECTRUM,RAW,,,2019-06-16 16:49:30,0,0,,,,,SAM Control,SAM_8589,No Mission,1,0,1,,DLAB_2018-04-12_14-51-44_608_165,DLAB_2018-04-13_12-52-31_209_732,64,-1,0,+INF,0,65535,0,-NAN,$05 $00 Pixel,$03 $05 Intensity counts,$f0 $05 Error counts,$f1 $00 Status,116
240,977,0,0,1,95A7_2019-06-16_16-49-30_000_517,SAM_8589,SPECTRUM,RAW,,,2019-06-16 16:49:30,0,0,,,,,SAM Control,SAM_8589,No Mission,1,0,1,,DLAB_2018-04-12_14-51-44_608_165,DLAB_2018-04-13_12-52-31_209_732,64,-1,0,+INF,0,65535,0,-NAN,$05 $00 Pixel,$03 $05 Intensity counts,$f0 $05 Error counts,$f1 $00 Status,116
241,974,0,0,1,95A7_2019-06-16_16-49-30_000_517,SAM_8589,SPECTRUM,RAW,,,2019-06-16 16:49:30,0,0,,,,,SAM Control,SAM_8589,No Mission,1,0,1,,DLAB_2018-04-12_14-51-44_608_165,DLAB_2018-04-13_12-52-31_209_732,64,-1,0,+INF,0,65535,0,-NAN,$05 $00 Pixel,$03 $05 Intensity counts,$f0 $05 Error counts,$f1 $00 Status,116
242,981,0,0,1,95A7_2019-06-16_16-49-30_000_517,SAM_8589,SPECTRUM,RAW,,,2019-06-16 16:49:30,0,0,,,,,SAM Control,SAM_8589,No Mission,1,0,1,,DLAB_2018-04-12_14-51-44_608_165,DLAB_2018-04-13_12-52-31_209_732,64,-1,0,+INF,0,65535,0,-NAN,$05 $00 Pixel,$03 $05 Intensity counts,$f0 $05 Error counts,$f1 $00 Status,116
243,978,0,0,1,95A7_2019-06-16_16-49-30_000_517,SAM_8589,SPECTRUM,RAW,,,2019-06-16 16:49:30,0,0,,,,,SAM Control,SAM_8589,No Mission,1,0,1,,DLAB_2018-04-12_14-51-44_608_165,DLAB_2018-04-13_12-52-31_209_732,64,-1,0,+INF,0,65535,0,-NAN,$05 $00 Pixel,$03 $05 Intensity counts,$f0 $05 Error counts,$f1 $00 Status,116
244,978,0,0,1,95A7_2019-06-16_16-49-30_000_517,SAM_8589,SPECTRUM,RAW,,,2019-06-16 16:49:30,0,0,,,,,SAM Control,SAM_8589,No Mission,1,0,1,,DLAB_2018-04-12_14-51-44_608_165,DLAB_2018-04-13_12-52-31_209_732,64,-1,0,+INF,0,65535,0,-NAN,$05 $00 Pixel,$03 $05 Intensity counts,$f0 $05 Error counts,$f1 $00 Status,116
245,981,0,0,1,95A7_2019-06-16_16-49-30_000_517,SAM_8589,SPECTRUM,RAW,,,2019-06-16 16:49:30,0,0,,,,,SAM Control,SAM_8589,No Mission,1,0,1,,DLAB_2018-04-12_14-51-44_608_165,DLAB_2018-04-13_12-52-31_209_732,64,-1,0,+INF,0,65535,0,-NAN,$05 $00 Pixel,$03 $05 Intensity counts,$f0 $05 Error counts,$f1 $00 Status,116
246,974,0,0,1,95A7_2019-06-16_16-49-30_000_517,SAM_8589,SPECTRUM,RAW,,,2019-06-16 16:49:30,0,0,,,,,SAM Control,SAM_8589,No Mission,1,0,1,,DLAB_2018-04-12_14-51-44_608_165,DLAB_2018-04-13_12-52-31_209_732,64,-1,0,+INF,0,65535,0,-NAN,$05 $00 Pixel,$03 $05 Intensity counts,$f0 $05 Error counts,$f1 $00 Status,116
247,975,0,0,1,95A7_2019-06-16_16-49-30_000_517,SAM_8589,SPECTRUM,RAW,,,2019-06-16 16:49:30,0,0,,,,,SAM Control,SAM_8589,No Mission,1,0,1,,DLAB_2018-04-12_14-51-44_608_165,DLAB_2018-04-13_12-52-31_209_732,64,-1,0,+INF,0,65535,0,-NAN,$05 $00 Pixel,$03 $05 Intensity counts,$f0 $05 Error counts,$f1 $00 Status,116
248,978,0,0,1,95A7_2019-06-16_16-49-30_000_517,SAM_8589,SPECTRUM,RAW,,,2019-06-16 16:49:30,0,0,,,,,SAM Control,SAM_8589,No Mission,1,0,1,,DLAB_2018-04-12_14-51-44_608_165,DLAB_2018-04-13_12-52-31_209_732,64,-1,0,+INF,0,65535,0,-NAN,$05 $00 Pixel,$03 $05 Intensity counts,$f0 $05 Error counts,$f1 $00 Status,116
249,976,0,0,1,95A7_2019-06-16_16-49-30_000_517,SAM_8589,SPECTRUM,RAW,,,2019-06-16 16:49:30,0,0,,,,,SAM Control,SAM_8589,No Mission,1,0,1,,DLAB_2018-04-12_14-51-44_608_165,DLAB_2018-04-13_12-52-31_209_732,64,-1,0,+INF,0,65535,0,-NAN,$05 $00 Pixel,$03 $05 Intensity counts,$f0 $05 Error counts,$f1 $00 Status,116
250,974,0,0,1,95A7_2019-06-16_16-49-30_000_517,SAM_8589,SPECTRUM,RAW,,,2019-06-16 16:49:30,0,0,,,,,SAM Control,SAM_8589,No Mission,1,0,1,,DLAB_2018-04-12_14-51-44_608_165,DLAB_2018-04-13_12-52-31_209_732,64,-1,0,+INF,0,65535,0,-NAN,$05 $00 Pixel,$03 $05 Intensity counts,$f0 $05 Error counts,$f1 $00 Status,116
251,977,0,0,1,95A7_2019-06-16_16-49-30_000_517,SAM_8589,SPECTRUM,RAW,,,2019-06-16 16:49:30,0,0,,,,,SAM Control,SAM_8589,No Mission,1,0,1,,DLAB_2018-04-12_14-51-44_608_165,DLAB_2018-04-13_12-52-31_209_732,64,-1,0,+INF,0,65535,0,-NAN,$05 $00 Pixel,$03 $05 Intensity counts,$f0 $05 Error counts,$f1 $00 Status,116
252,980,0,0,1,95A7_2019-06-16_16-49-30_000_517,SAM_8589,SPECTRUM,RAW,,,2019-06-16 16:49:30,0,0,,,,,SAM Control,SAM_8589,No Mission,1,0,1,,DLAB_2018-04-12_14-51-44_608_165,DLAB_2018-04-13_12-52-31_209_732,64,-1,0,+INF,0,65535,0,-NAN,$05 $00 Pixel,$03 $05 Intensity counts,$f0 $05 Error counts,$f1 $00 Status,116
253,981,0,0,1,95A7_2019-06-16_16-49-30_000_517,SAM_8589,SPECTRUM,RAW,,,2019-06-16 16:49:30,0,0,,,,,SAM Control,SAM_8589,No Mission,1,0,1,,DLAB_2018-04-12_14-51-44_608_165,DLAB_2018-04-13_12-52-31_209_732,64,-1,0,+INF,0,65535,0,-NAN,$05 $00 Pixel,$03 $05 Intensity counts,$f0 $05 Error counts,$f1 $00 Status,116
254,988,0,0,1,95A7_2019-06-16_16-49-30_000_517,SAM_8589,SPECTRUM,RAW,,,2019-06-16 16:49:30,0,0,,,,,SAM Control,SAM_8589,No Mission,1,0,1,,DLAB_2018-04-12_14-51-44_608_165,DLAB_2018-04-13_12-52-31_209_732,64,-1,0,+INF,0,65535,0,-NAN,$05 $00 Pixel,$03 $05 Intensity counts,$f0 $05 Error counts,$f1 $00 Status,116
255,1010,0,0,1,95A7_2019-06-16_16-49-30_000_517,SAM_8589,SPECTRUM,RAW,,,2019-06-16 16:49:30,0,0,,,,,SAM Control,SAM_8589,No Mission,1,0,1,,DLAB_2018-04-12_14-51-44_608_165,DLAB_2018-04-13_12-52-31_209_732,64,-1,0,+INF,0,65535,0,-NAN,$05 $00 Pixel,$03 $05 Intensity counts,$f0 $05 Error counts,$f1 $00 Status,116
